,wavelen,flux,flux_unc,mask
1696,4356.368531832623,8.952306312045307e-16,5.01805e-19,True
1697,4357.404000430399,8.995640761844557e-16,5.041249999999998e-19,True
1698,4358.439715149504,9.047356588843416e-16,5.084570000000001e-19,True
1699,4359.475676048441,9.096812900890616e-16,5.10917e-19,True
1700,4360.511883185714,9.207068947295963e-16,5.1517299999999995e-19,True
1701,4361.548336619871,9.258714461726778e-16,5.159619999999999e-19,True
1702,4362.585036409442,9.703875039303202e-16,5.20085e-19,True
1703,4363.621982612987,9.741661832068609e-16,5.039219999999999e-19,True
1704,4364.659175289075,9.601704319863483e-16,5.001400000000002e-19,True
1705,4365.696614496292,9.624984121264894e-16,4.90792e-19,True
1706,4366.734300293233,9.72416756629965e-16,4.86185e-19,True
1707,4367.772232738512,9.771606836738489e-16,4.91547e-19,True
1708,4368.810411890755,9.448516208139751e-16,4.847199999999999e-19,True
1709,4369.848837808602,9.35316446688297e-16,4.799219999999999e-19,True
1710,4370.887510550707,9.633164188919205e-16,4.90969e-19,True
1711,4371.9264301757285,9.804771633726137e-16,4.90931e-19,True
1712,4372.965596742366,9.987249242882432e-16,4.87523e-19,True
1713,4374.005010309299,1.0145418228338148e-15,4.8462200000000005e-19,True
1714,4375.044670935252,9.964770485459117e-16,4.8684799999999995e-19,True
1715,4376.08457867895,9.733852089040698e-16,4.83752e-19,True
1716,4377.124733599113,9.900808727389209e-16,5.027779999999999e-19,True
1717,4378.165135754502,1.0182090481340501e-15,4.960680000000001e-19,True
1718,4379.205785203882,1.0077070976758303e-15,4.931040000000001e-19,True
1719,4380.246682006034,9.726179364968961e-16,5.027049999999999e-19,True
1720,4381.28782621974,9.630734137856548e-16,5.01676e-19,True
1721,4382.329217903819,9.055601957460384e-16,4.95257e-19,True
1722,4383.370857117098,9.10245306533571e-16,5.048529999999999e-19,True
1723,4384.412743918406,9.417731374524391e-16,5.037769999999999e-19,True
1724,4385.454878366591,9.44005018904765e-16,5.034469999999998e-19,True
1725,4386.497260520519,1.0344843547737178e-15,4.910310000000001e-19,True
1726,4387.539890439063,1.0380741332674967e-15,4.92083e-19,True
1727,4388.582768181126,9.972243915250092e-16,4.827370000000002e-19,True
1728,4389.625893805589,9.94331814823345e-16,4.86946e-19,True
1729,4390.669267371385,9.950685036598453e-16,4.753470000000002e-19,True
1730,4391.712888937458,9.96751189121952e-16,4.79381e-19,True
1731,4392.756758562746,1.0086095533170411e-15,4.852390000000001e-19,True
1732,4393.800876306219,1.0144064500625144e-15,4.737789999999999e-19,True
1733,4394.845242226836,1.0435172251475743e-15,4.7418599999999985e-19,True
1734,4395.8898563835855,1.0613154763754461e-15,4.698690000000001e-19,True
1735,4396.934718835497,1.067667583029438e-15,4.779450000000001e-19,True
1736,4397.979829641555,1.0732355381483045e-15,4.742530000000001e-19,True
1737,4399.025188860815,1.0843081953180478e-15,4.732940000000001e-19,True
1738,4400.070796552313,1.0969961894800454e-15,4.736369999999999e-19,True
1739,4401.116652775104,1.091416486547217e-15,4.84671e-19,True
1740,4402.162757588274,1.0809256678445707e-15,4.799599999999999e-19,True
1741,4403.209111050913,1.0882048310202353e-15,4.80174e-19,True
1742,4404.255713222106,1.10367117002708e-15,4.819080000000001e-19,True
1743,4405.3025641609765,1.0988328691746269e-15,4.82454e-19,True
1744,4406.349663926647,1.076255829617028e-15,4.9243200000000005e-19,True
1745,4407.397012578275,1.0749634909463088e-15,4.92958e-19,True
1746,4408.444610175014,1.0580475657264736e-15,4.949799999999999e-19,True
1747,4409.492456776025,1.0583610505994752e-15,4.854999999999999e-19,True
1748,4410.540552440512,1.0402608586407458e-15,4.90336e-19,True
1749,4411.588897227665,1.0413873798625655e-15,4.86163e-19,True
1750,4412.637491196709,1.1124407536251386e-15,4.889209999999999e-19,True
1751,4413.686334406853,1.1160644011625416e-15,4.775040000000002e-19,True
1752,4414.735426917342,1.075676028152502e-15,4.783929999999999e-19,True
1753,4415.784768787439,1.0713552023479378e-15,4.87436e-19,True
1754,4416.834360076423,1.090888438713143e-15,4.80303e-19,True
1755,4417.88420084357,1.0962387467113782e-15,4.89242e-19,True
1756,4418.934291148179,1.1073480727193245e-15,4.77948e-19,True
1757,4419.984631049563,1.1119874114880364e-15,4.84344e-19,True
1758,4421.035220607049,1.1013639798539523e-15,4.78016e-19,True
1759,4422.086059879977,1.096087492018434e-15,4.863469999999998e-19,True
1760,4423.137148927703,1.0956515011765427e-15,4.802560000000001e-19,True
1761,4424.188487809595,1.0955022700434676e-15,4.794220000000002e-19,True
1762,4425.240076585038,1.0729937159694716e-15,4.810980000000001e-19,True
1763,4426.291915313428,1.0507155963337775e-15,4.842390000000001e-19,True
1764,4427.344004054169,1.068200383568523e-15,4.8592899999999995e-19,True
1765,4428.39634286671,1.0912410695630878e-15,4.72132e-19,True
1766,4429.448931810461,1.062590017591422e-15,4.81174e-19,True
1767,4430.501770944905,1.0103368884219793e-15,4.81682e-19,True
1768,4431.554860329479,1.0105959643687032e-15,4.82299e-19,True
1769,4432.608200023682,1.0105149399550618e-15,4.771260000000003e-19,True
1770,4433.661790087018,1.0284513277337229e-15,4.86143e-19,True
1771,4434.715630578989,1.0935596353815835e-15,4.87415e-19,True
1772,4435.769721559119,1.093434829562861e-15,4.792850000000001e-19,True
1773,4436.824063086956,1.09066230199325e-15,4.79777e-19,True
1774,4437.878655222028,1.0916777521882568e-15,4.81376e-19,True
1775,4438.933498023926,1.1004816699024514e-15,4.863890000000001e-19,True
1776,4439.988591552224,1.1006411332503322e-15,4.768939999999999e-19,True
1777,4441.043935866517,1.0671843145830236e-15,4.815460000000001e-19,True
1778,4442.099531026414,1.0674374289009425e-15,4.784399999999999e-19,True
1779,4443.155377091532,1.0912847865923151e-15,4.710449999999999e-19,True
1780,4444.21147412153,1.0930995713336721e-15,4.861509999999999e-19,True
1781,4445.26782217604,1.020319067372122e-15,4.770910000000001e-19,True
1782,4446.324421314733,1.0095578187554567e-15,4.7844900000000005e-19,True
1783,4447.381271597291,1.0458165757555524e-15,4.79331e-19,True
1784,4448.4383730834,1.0547770840604105e-15,4.776280000000001e-19,True
1785,4449.495725832777,1.0413623746253303e-15,4.767569999999999e-19,True
1786,4450.55332990516,1.0366750812004315e-15,4.836329999999999e-19,True
1787,4451.611185360264,1.0259539858640836e-15,4.812950000000001e-19,True
1788,4452.66929225784,1.0208109625754263e-15,4.77793e-19,True
1789,4453.727650657668,1.0191336616328792e-15,4.78668e-19,True
1790,4454.78626061952,1.018074427311599e-15,4.8514e-19,True
1791,4455.845122203193,9.765628570617407e-16,4.76776e-19,True
1792,4456.904235468491,9.424220913173664e-16,4.77902e-19,True
1793,4457.963600475238,9.401759967077724e-16,4.68987e-19,True
1794,4459.023217283272,9.37802006840744e-16,4.65488e-19,True
1795,4460.083085952442,9.209976649683178e-16,4.84044e-19,True
1796,4461.143206542606,8.984131807328657e-16,4.647730000000001e-19,True
1797,4462.20357911366,9.012466103799288e-16,4.751769999999999e-19,True
1798,4463.264203725487,9.061546440883354e-16,4.746260000000002e-19,True
1799,4464.325080437997,8.983346073153463e-16,4.68446e-19,True
1800,4465.386209311112,8.808049123030368e-16,4.688090000000001e-19,True
1801,4466.447590404759,8.833889059161676e-16,4.650740000000001e-19,True
1802,4467.509223778913,8.912698116153548e-16,4.578239999999999e-19,True
1803,4468.571109493507,9.0276692327131e-16,4.687100000000001e-19,True
1804,4469.6332476085445,9.511643691196753e-16,4.693399999999999e-19,True
1805,4470.695638184009,9.566295391682623e-16,4.60114e-19,True
1806,4471.758281279918,9.917556134069208e-16,4.649800000000001e-19,True
1807,4472.821176956269,9.931962516734019e-16,4.726140000000001e-19,True
1808,4473.884325273112,1.0107513984285503e-15,4.70716e-19,True
1809,4474.947726290508,1.013776854191643e-15,4.666460000000001e-19,True
1810,4476.011380068519,1.1299032052107534e-15,4.6502599999999995e-19,True
1811,4477.07528666721,1.129742411733255e-15,4.645499999999999e-19,True
1812,4478.139446146682,1.15442833227776e-15,4.69142e-19,True
1813,4479.2038585670325,1.1549454523195636e-15,4.762249999999999e-19,True
1814,4480.268523988401,1.1161513695528316e-15,4.65501e-19,True
1815,4481.333442470916,1.1126273117759982e-15,4.782579999999999e-19,True
1816,4482.398614074726,1.0616428233768448e-15,4.719829999999998e-19,True
1817,4483.464038859988,1.0537566290622663e-15,4.855419999999999e-19,True
1818,4484.529716886897,1.0444473111184471e-15,4.893220000000001e-19,True
1819,4485.595648215648,1.0422232943677278e-15,4.8149e-19,True
1820,4486.66183290643,1.0431969989372683e-15,4.765719999999999e-19,True
1821,4487.728271019474,1.04336022031165e-15,4.823230000000001e-19,True
1822,4488.794962615008,1.0545488094170454e-15,4.754900000000002e-19,True
1823,4489.8619077532985,1.0588234208271864e-15,4.63368e-19,True
1824,4490.929106494603,1.1185458199222214e-15,4.727780000000001e-19,True
1825,4491.996558899191,1.1479177792755292e-15,4.730969999999998e-19,True
1826,4493.06426502738,1.1653985946236619e-15,4.608419999999999e-19,True
1827,4494.132224939447,1.1759323394884765e-15,4.644239999999999e-19,True
1828,4495.200438695738,1.233419327105188e-15,4.615609999999998e-19,True
1829,4496.268906356589,1.275756993753322e-15,4.56397e-19,True
1830,4497.337627982326,1.2964092306395822e-15,4.419990000000001e-19,True
1831,4498.406603633347,1.3147079746474087e-15,4.39716e-19,True
1832,4499.47583337,1.2680712174955052e-15,4.26129e-19,True
1833,4500.545317252702,1.218575926894919e-15,4.2079000000000003e-19,True
1834,4501.615055341845,1.2004020744820118e-15,4.208290000000001e-19,True
1835,4502.685047697868,1.1774341842180057e-15,4.070820000000001e-19,True
1836,4503.7552943812,1.1440971094468305e-15,4.07759e-19,True
1837,4504.825795452299,1.0937603980748478e-15,4.1075999999999994e-19,True
1838,4505.896550971616,1.0839969355024924e-15,4.22136e-19,True
1839,4506.967560999631,1.0664822656628539e-15,4.1418200000000005e-19,True
1840,4508.038825596854,1.069913499959724e-15,4.311440000000001e-19,True
1841,4509.110344823785,1.0776504094827252e-15,4.3182100000000004e-19,True
1842,4510.182118740949,1.0817961207655945e-15,4.37715e-19,True
1843,4511.254147408882,1.0931445541689571e-15,4.41435e-19,True
1844,4512.326430888135,1.0939394459217844e-15,4.484799999999999e-19,True
1845,4513.398969239269,1.0970155481960875e-15,4.451900000000001e-19,True
1846,4514.47176252288,1.0940193646137024e-15,4.5349e-19,True
1847,4515.544810799553,1.0823320926121279e-15,4.54799e-19,True
1848,4516.6181141298985,1.0814369043720356e-15,4.541120000000002e-19,True
1849,4517.691672574541,1.0775235256804732e-15,4.5485e-19,True
1850,4518.765486194111,1.084351085878204e-15,4.529199999999998e-19,True
1851,4519.839555049285,1.1354216012541154e-15,4.519699999999999e-19,True
1852,4520.913879200706,1.141659688294113e-15,4.58079e-19,True
1853,4521.988458709063,1.211229999540693e-15,4.51649e-19,True
1854,4523.063293635053,1.21148571947394e-15,4.52723e-19,True
1855,4524.138384039377,1.22028600607581e-15,4.500830000000002e-19,True
1856,4525.213729982777,1.2201416394569961e-15,4.54594e-19,True
1857,4526.289331525985,1.22413628558591e-15,4.574919999999999e-19,True
1858,4527.365188729753,1.223933954578375e-15,4.62794e-19,True
1859,4528.441301654851,1.1777507205802201e-15,4.620390000000001e-19,True
1860,4529.517670362051,1.176685199586654e-15,4.70994e-19,True
1861,4530.594294912176,1.1407375402811172e-15,4.64624e-19,True
1862,4531.671175366014,1.1386301982662562e-15,4.623520000000001e-19,True
1863,4532.7483117843885,1.1304957424974503e-15,4.703780000000001e-19,True
1864,4533.82570422815,1.1296060318487738e-15,4.690489999999999e-19,True
1865,4534.90335275817,1.1222608497720027e-15,4.67027e-19,True
1866,4535.981257435291,1.1211757341080417e-15,4.616679999999999e-19,True
1867,4537.059418320407,1.1353570494874947e-15,4.682599999999999e-19,True
1868,4538.137835474416,1.1376100645287386e-15,4.57702e-19,True
1869,4539.2165089582295,1.1497942288642917e-15,4.578950000000001e-19,True
1870,4540.295438832769,1.1522217361868463e-15,4.53684e-19,True
1871,4541.37462515899,1.0794749369933896e-15,4.4913300000000005e-19,True
1872,4542.454067997834,1.061044815875834e-15,4.52438e-19,True
1873,4543.533767410287,1.0262271269957757e-15,4.505970000000001e-19,True
1874,4544.613723457334,1.0158242530135244e-15,4.579079999999998e-19,True
1875,4545.693936199952,1.0077909890327046e-15,4.567329999999999e-19,True
1876,4546.774405699179,1.0049646200581878e-15,4.540940000000001e-19,True
1877,4547.855132016041,1.0337057803050379e-15,4.52389e-19,True
1878,4548.936115211569,1.0448656797042355e-15,4.49551e-19,True
1879,4550.017355346818,1.0518474311613166e-15,4.47094e-19,True
1880,4551.098852482877,1.0548635001164784e-15,4.562770000000001e-19,True
1881,4552.180606680817,1.0974340645007051e-15,4.368849999999999e-19,True
1882,4553.262618001762,1.1183131238857528e-15,4.51573e-19,True
1883,4554.344886506806,1.1656709928540626e-15,4.48492e-19,True
1884,4555.427412257078,1.1914056751322405e-15,4.49615e-19,True
1885,4556.510195313746,1.1528262656593358e-15,4.55265e-19,True
1886,4557.593235737947,1.1296790602506087e-15,4.57271e-19,True
1887,4558.676533590854,1.1388438279316097e-15,4.668279999999999e-19,True
1888,4559.760088933672,1.1448248257065007e-15,4.620630000000001e-19,True
1889,4560.843901827587,1.1363247702285713e-15,4.57744e-19,True
1890,4561.92797233384,1.1302381826760695e-15,4.587050000000001e-19,True
1891,4563.012300513642,1.134889692357863e-15,4.59741e-19,True
1892,4564.096886428237,1.1384698871733039e-15,4.6183e-19,True
1893,4565.181730138903,1.1545980218361617e-15,4.581260000000001e-19,True
1894,4566.266831706907,1.1680333204983516e-15,4.555610000000001e-19,True
1895,4567.35219119354,1.1398752950646489e-15,4.52585e-19,True
1896,4568.437808660108,1.1146408725657525e-15,4.491930000000001e-19,True
1897,4569.523684167921,1.1087747063621693e-15,4.47182e-19,True
1898,4570.609817778336,1.103148651319996e-15,4.529199999999999e-19,True
1899,4571.696209552672,1.1273497300623389e-15,4.51123e-19,True
1900,4572.782859552315,1.1521081561621144e-15,4.539029999999998e-19,True
1901,4573.869767838635,1.176182333571461e-15,4.444740000000002e-19,True
1902,4574.956934473024,1.202370166479651e-15,4.523890000000001e-19,True
1903,4576.04435951689,1.1970991384423504e-15,4.489339999999998e-19,True
1904,4577.132043031645,1.1910377261193316e-15,4.54325e-19,True
1905,4578.21998507875,1.1976506084926855e-15,4.509749999999999e-19,True
1906,4579.308185719632,1.2056988398439285e-15,4.545509999999999e-19,True
1907,4580.396645015763,1.2042987335456329e-15,4.47652e-19,True
1908,4581.485363028617,1.2025178277651668e-15,4.452360000000001e-19,True
1909,4582.574339819703,1.2133670898148091e-15,4.495410000000001e-19,True
1910,4583.663575450523,1.227944637054828e-15,4.46988e-19,True
1911,4584.7530699826,1.2129646218045346e-15,4.46358e-19,True
1912,4585.842823477466,1.1919378538633165e-15,4.419289999999998e-19,True
1913,4586.9328359966885,1.1881889972183556e-15,4.500420000000001e-19,True
1914,4588.023107601828,1.1827085480493098e-15,4.44209e-19,True
1915,4589.113638354466,1.1823711558531358e-15,4.422649999999999e-19,True
1916,4590.2044283162,1.1818604986407565e-15,4.3530899999999985e-19,True
1917,4591.295477548651,1.1632777068077807e-15,4.417449999999999e-19,True
1918,4592.386786113428,1.1340184924541685e-15,4.385309999999999e-19,True
1919,4593.47835407217,1.15896192829929e-15,4.378010000000001e-19,True
1920,4594.570181486552,1.1994986271499084e-15,4.41693e-19,True
1921,4595.662268418233,1.1954719243288556e-15,4.452700000000001e-19,True
1922,4596.754614928893,1.1887250093289456e-15,4.48512e-19,True
1923,4597.847221080253,1.1747799131830578e-15,4.482489999999999e-19,True
1924,4598.940086934004,1.1508663264016831e-15,4.35786e-19,True
1925,4600.033212551884,1.1746166679549272e-15,4.40123e-19,True
1926,4601.126597995635,1.2161253703144227e-15,4.429979999999999e-19,True
1927,4602.220243327009,1.207710786006297e-15,4.434310000000001e-19,True
1928,4603.314148607784,1.192704650364436e-15,4.5145e-19,True
1929,4604.408313899758,1.211577561824504e-15,4.575159999999999e-19,True
1930,4605.502739264733,1.2456187908523436e-15,4.4362e-19,True
1931,4606.5974247645,1.2417444655511782e-15,4.47395e-19,True
1932,4607.692370460925,1.2346442695054232e-15,4.439289999999998e-19,True
1933,4608.78757641583,1.2426001121144585e-15,4.324089999999999e-19,True
1934,4609.883042691084,1.2571608751385931e-15,4.351640000000001e-19,True
1935,4610.978769348552,1.2481829841114783e-15,4.350050000000001e-19,True
1936,4612.074756450144,1.2316169769994005e-15,4.38012e-19,True
1937,4613.171004057748,1.2406036334204364e-15,4.550460000000002e-19,True
1938,4614.267512233308,1.2570628816438956e-15,4.678610000000001e-19,True
1939,4615.364281038734,1.2269215244600099e-15,4.8048700000000015e-19,True
1940,4616.461310535983,1.1717630394257157e-15,4.892500000000001e-19,True
1941,4617.558600787021,1.1765464796128967e-15,4.902170000000002e-19,True
1942,4618.656151853816,1.1851614406252644e-15,4.97993e-19,True
1943,4619.753963798379,1.1991176003210708e-15,4.858879999999999e-19,True
1944,4620.852036682712,1.2240232349549658e-15,4.70056e-19,True
1945,4621.950370568834,1.1857520592442859e-15,4.70633e-19,True
1946,4623.0489655187785,1.118341486399247e-15,4.583970000000001e-19,True
1947,4624.14782159462,1.1314100596983228e-15,4.53366e-19,True
1948,4625.246938858401,1.1539165346672928e-15,4.500040000000002e-19,True
1949,4626.346317372214,1.1416438017335856e-15,4.46449e-19,True
1950,4627.445957198145,1.1208926182811278e-15,4.51189e-19,True
1951,4628.545858398324,1.1406031730525957e-15,4.42667e-19,True
1952,4629.646021034867,1.172909484968889e-15,4.401210000000001e-19,True
1953,4630.746445169908,1.1936409606724186e-15,4.38119e-19,True
1954,4631.847130865627,1.2265916038377006e-15,4.35792e-19,True
1955,4632.94807818417,1.2281046225613636e-15,4.479569999999999e-19,True
1956,4634.049287187731,1.230383429205957e-15,4.502119999999999e-19,True
1957,4635.15075793851,1.2459358072427119e-15,4.59842e-19,True
1958,4636.252490498713,1.2689671073447375e-15,4.72172e-19,True
1959,4637.354484930587,1.2694340091658956e-15,4.938360000000002e-19,True
1960,4638.456741296368,1.270056273118289e-15,4.908259999999999e-19,True
1961,4639.559259658315,1.2711790237068342e-15,4.8808e-19,True
1962,4640.6620400787015,1.2726723868962727e-15,4.75862e-19,True
1963,4641.765082619817,1.2736358230747845e-15,4.677480000000001e-19,True
1964,4642.868387343966,1.2748582089223147e-15,4.610229999999999e-19,True
1965,4643.971954313465,1.2971902523367476e-15,4.6668e-19,True
1966,4645.075783590642,1.3248239185235222e-15,4.52757e-19,True
1967,4646.179875237859,1.3098341089024453e-15,4.6034e-19,True
1968,4647.284229317463,1.2922133769245243e-15,4.5352600000000005e-19,True
1969,4648.388845891849,1.2752854055087667e-15,4.55975e-19,True
1970,4649.493725023401,1.256492128097732e-15,4.48373e-19,True
1971,4650.598866774526,1.2649228644773733e-15,4.38655e-19,True
1972,4651.704271207646,1.2737314301607975e-15,4.39688e-19,True
1973,4652.8099383852,1.283270935935848e-15,4.369169999999999e-19,True
1974,4653.915868369638,1.2926434085625282e-15,4.3363600000000014e-19,True
1975,4655.022061223427,1.3036676299141173e-15,4.45646e-19,True
1976,4656.128517009049,1.3138134943480856e-15,4.35142e-19,True
1977,4657.235235789,1.2632135901091413e-15,4.397040000000001e-19,True
1978,4658.342217625793,1.2198593073792473e-15,4.321389999999999e-19,True
1979,4659.4494625819525,1.2492431733432515e-15,4.2850600000000017e-19,True
1980,4660.556970720012,1.2726535446713217e-15,4.298969999999999e-19,True
1981,4661.664742102551,1.272644784175516e-15,4.399270000000001e-19,True
1982,4662.772776792117,1.2726716613100218e-15,4.494819999999999e-19,True
1983,4663.881074851295,1.3029554220597444e-15,4.60557e-19,True
1984,4664.989636342702,1.3235061799283308e-15,4.67987e-19,True
1985,4666.098461328937,1.3197926133715314e-15,4.64838e-19,True
1986,4667.207549872656,1.3175367809911618e-15,4.65723e-19,True
1987,4668.316902036478,1.340327385321032e-15,4.66026e-19,True
1988,4669.426517883071,1.3532828104315596e-15,4.51591e-19,True
1989,4670.536397475104,1.3323183221045111e-15,4.41776e-19,True
1990,4671.64654087528,1.3216410087518474e-15,4.42886e-19,True
1991,4672.756948146299,1.3372982171363655e-15,4.446370000000001e-19,True
1992,4673.867619350878,1.3445786692244534e-15,4.83027e-19,True
1993,4674.978554551745,1.3593345014866436e-15,5.499020000000001e-19,True
1994,4676.089753811665,1.3654719143627254e-15,6.257650000000001e-19,True
1995,4677.201217193395,1.3671894720146487e-15,6.617759999999999e-19,True
1996,4678.312944759722,1.367899806334994e-15,6.79424e-19,True
1997,4679.424936573415,1.3379599228021905e-15,6.665499999999999e-19,True
1998,4680.537192697318,1.3285867480788545e-15,6.36032e-19,True
1999,4681.649713194219,1.3406796450447452e-15,5.83161e-19,True
2000,4682.762498126985,1.34405806438736e-15,5.3809e-19,True
2001,4683.875547558459,1.314672406058739e-15,4.93569e-19,True
2002,4684.988861551504,1.308075716435095e-15,4.828409999999999e-19,True
2003,4686.102440169019,1.3388682867868344e-15,4.70502e-19,True
2004,4687.216283473904,1.344712381403017e-15,4.600640000000001e-19,True
2005,4688.330391529045,1.2803694514292746e-15,4.4904e-19,True
2006,4689.4447643974,1.2710603349438492e-15,4.322540000000001e-19,True
2007,4690.5594021419,1.2986172903767391e-15,4.350559999999999e-19,True
2008,4691.674304825498,1.3017133249998172e-15,4.252960000000001e-19,True
2009,4692.789472511184,1.2403678852739164e-15,4.2964899999999997e-19,True
2010,4693.904905261945,1.2361186643348762e-15,4.2318200000000006e-19,True
2011,4695.0206031407615,1.1912504297959267e-15,4.33556e-19,True
2012,4696.136566210676,1.1897606600370196e-15,4.363259999999999e-19,True
2013,4697.252794534713,1.2514346519824213e-15,4.386780000000001e-19,True
2014,4698.369288175922,1.2511236049339568e-15,4.3410200000000005e-19,True
2015,4699.486047197365,1.2345431199123173e-15,4.36048e-19,True
2016,4700.603071662114,1.2392553685987852e-15,4.3046900000000005e-19,True
2017,4701.720361633287,1.3040375442772114e-15,4.26542e-19,True
2018,4702.837917173959,1.301354114652321e-15,4.3327100000000004e-19,True
2019,4703.955738347286,1.2766432600308504e-15,4.470289999999999e-19,True
2020,4705.073825216382,1.2763176671389747e-15,4.528210000000001e-19,True
2021,4706.1921778444,1.2736372170998056e-15,4.594520000000001e-19,True
2022,4707.310796294525,1.2690579652050911e-15,4.542769999999999e-19,True
2023,4708.4296806299335,1.2469922403025597e-15,4.5023e-19,True
2024,4709.548830913823,1.255664045766549e-15,4.4371e-19,True
2025,4710.668247209406,1.2874415906765736e-15,4.32983e-19,True
2026,4711.787929579913,1.2939072575202243e-15,4.2519099999999992e-19,True
2027,4712.907878088587,1.3129325920444083e-15,4.15094e-19,True
2028,4714.028092798685,1.3250987600258297e-15,4.24396e-19,True
2029,4715.148573773474,1.354596999140843e-15,4.16892e-19,True
2030,4716.269321076267,1.3259309318161436e-15,4.204829999999998e-19,True
2031,4717.390334770334,1.2679231144282095e-15,4.2079899999999997e-19,True
2032,4718.511614919021,1.2512189207906312e-15,4.1173400000000005e-19,True
2033,4719.633161585651,1.2229827620723813e-15,4.168230000000001e-19,True
2034,4720.754974833564,1.2696726166516867e-15,4.2041600000000003e-19,True
2035,4721.877054726143,1.3356160662079345e-15,4.199019999999999e-19,True
2036,4722.999401326766,1.3324020004333717e-15,4.2396400000000007e-19,True
2037,4724.12201469881,1.3285643906404776e-15,4.25916e-19,True
2038,4725.2448949056925,1.3230314494844094e-15,4.19989e-19,True
2039,4726.368042010829,1.3175225676040682e-15,4.2329500000000007e-19,True
2040,4727.491456077668,1.3324504653249524e-15,4.2631700000000003e-19,True
2041,4728.615137169672,1.3448905411992155e-15,4.2454499999999997e-19,True
2042,4729.739085350309,1.330825746122135e-15,4.3228e-19,True
2043,4730.86330068305,1.321137163476729e-15,4.3734699999999995e-19,True
2044,4731.987783231399,1.3453217460313747e-15,4.3319100000000005e-19,True
2045,4733.112533058873,1.3591286522215608e-15,4.366090000000002e-19,True
2046,4734.237550229002,1.3282097755494355e-15,4.37446e-19,True
2047,4735.362834805322,1.3140157160183952e-15,4.494170000000001e-19,True
2048,4736.4883868514,1.3185039522894303e-15,4.612959999999999e-19,True
2049,4737.614206430831,1.3202133174461391e-15,4.763409999999999e-19,True
2050,4738.740293607168,1.3293340884413496e-15,4.94676e-19,True
2051,4739.866648444044,1.3319670479335175e-15,5.01491e-19,True
2052,4740.99327100507,1.3789763284461139e-15,4.91875e-19,True
2053,4742.1201613538815,1.3886303119326045e-15,4.64083e-19,True
2054,4743.247319554139,1.3837777561681531e-15,4.40664e-19,True
2055,4744.374745669481,1.3832207325649874e-15,4.218750000000001e-19,True
2056,4745.502439763615,1.3301338008328735e-15,4.0954799999999994e-19,True
2057,4746.630401900229,1.3264038633619373e-15,4.0628200000000013e-19,True
2058,4747.7586321430335,1.3297369579930084e-15,4.1072100000000006e-19,True
2059,4748.887130555746,1.3299141158486597e-15,4.059730000000001e-19,True
2060,4750.015897202134,1.3306166769419832e-15,3.999979999999998e-19,True
2061,4751.144932145929,1.3270302503355252e-15,4.0979700000000005e-19,True
2062,4752.27423545091,1.290605409874786e-15,4.1028799999999993e-19,True
2063,4753.403807180857,1.303242097416187e-15,4.0966300000000003e-19,True
2064,4754.533647399589,1.3764212526768935e-15,4.113320000000001e-19,True
2065,4755.663756170906,1.3516241836135057e-15,4.0762099999999996e-19,True
2066,4756.794133558657,1.2534008551443673e-15,4.0393500000000013e-19,True
2067,4757.92477962669,1.2612690772267891e-15,4.124360000000001e-19,True
2068,4759.055694438843,1.2836755752426386e-15,4.1374299999999987e-19,True
2069,4760.1868780590175,1.2912755987452753e-15,4.1120700000000007e-19,True
2070,4761.318330551109,1.307644924550487e-15,4.1385e-19,True
2071,4762.450051978999,1.3178053312402273e-15,4.0659800000000003e-19,True
2072,4763.582042406629,1.3347676771927292e-15,4.08015e-19,True
2073,4764.714301897954,1.3151166667044176e-15,3.9797799999999997e-19,True
2074,4765.846830516903,1.2892998096374436e-15,3.931780000000001e-19,True
2075,4766.979628327444,1.314686601414137e-15,3.9528900000000005e-19,True
2076,4768.112695393587,1.340878438373176e-15,3.9466900000000007e-19,True
2077,4769.246031779308,1.3201167503554168e-15,3.9318599999999995e-19,True
2078,4770.379637548621,1.3033313790084302e-15,3.92779e-19,True
2079,4771.513512765571,1.3061239696682338e-15,3.910489999999999e-19,True
2080,4772.647657494189,1.3079123738559964e-15,3.95381e-19,True
2081,4773.782071798551,1.3357682990313781e-15,3.9234299999999993e-19,True
2082,4774.916755742724,1.3491362557182097e-15,3.984419999999999e-19,True
2083,4776.051709390798,1.3434998880284663e-15,4.0455400000000007e-19,True
2084,4777.186932806891,1.3415752247085128e-15,3.9442300000000004e-19,True
2085,4778.322426055104,1.406698469016988e-15,3.9412599999999996e-19,True
2086,4779.458189199575,1.4227003703438587e-15,4.0118900000000006e-19,True
2087,4780.594222304473,1.438113029766047e-15,4.008e-19,True
2088,4781.730525433956,1.4405345275813281e-15,3.9707400000000007e-19,True
2089,4782.867098652207,1.399579190806947e-15,3.932490000000001e-19,True
2090,4784.003942023414,1.3967612182807982e-15,3.9852000000000005e-19,True
2091,4785.141055611816,1.376281296443402e-15,3.9950999999999995e-19,True
2092,4786.278439481608,1.3772382247319792e-15,4.0639e-19,True
2093,4787.416093697058,1.3892709225637138e-15,4.04049e-19,True
2094,4788.554018322417,1.3825694064601999e-15,3.9488399999999993e-19,True
2095,4789.692213421958,1.3393454958559663e-15,4.037920000000001e-19,True
2096,4790.830679059969,1.353159471226619e-15,4.032860000000001e-19,True
2097,4791.969415300749,1.4066625698716943e-15,4.07855e-19,True
2098,4793.108422208632,1.399733972843261e-15,4.0137700000000005e-19,True
2099,4794.247699847947,1.3812347168782211e-15,4.0233100000000005e-19,True
2100,4795.387248283051,1.4082891465499831e-15,4.0561999999999995e-19,True
2101,4796.527067578285,1.4596284452175618e-15,3.9872300000000003e-19,True
2102,4797.667157798055,1.4197042196007033e-15,4.0120499999999995e-19,True
2103,4798.807519006749,1.3636150178197198e-15,3.9886999999999996e-19,True
2104,4799.948151268771,1.3556385067798717e-15,3.98283e-19,True
2105,4801.089054648563,1.3472707996156253e-15,3.971140000000001e-19,True
2106,4802.2302292105605,1.3829729579650362e-15,3.9669299999999998e-19,True
2107,4803.37167501922,1.4108860897797024e-15,4.0286799999999996e-19,True
2108,4804.513392139014,1.3719934633399042e-15,3.9750499999999997e-19,True
2109,4805.65538063444,1.3497059023383844e-15,3.9611300000000006e-19,True
2110,4806.797640569984,1.3997890095502384e-15,3.98624e-19,True
2111,4807.940172010165,1.4203108770652905e-15,3.9911999999999997e-19,True
2112,4809.082975019534,1.3849395417079054e-15,3.9442000000000006e-19,True
2113,4810.226049662632,1.3753523365333095e-15,3.9607999999999995e-19,True
2114,4811.369396004025,1.3601727345166516e-15,3.9728999999999997e-19,True
2115,4812.513014108291,1.3578178531791097e-15,3.924210000000001e-19,True
2116,4813.656904040019,1.3869329335863765e-15,3.93156e-19,True
2117,4814.801065863844,1.388543207857722e-15,3.9104399999999997e-19,True
2118,4815.945499644358,1.3678373272062407e-15,3.87617e-19,True
2119,4817.09020544623,1.3702565286887968e-15,3.8620900000000005e-19,True
2120,4818.235183334107,1.3922366289352817e-15,3.86398e-19,True
2121,4819.380433372653,1.386778173649914e-15,3.93607e-19,True
2122,4820.525955626573,1.3608464768442815e-15,3.9245800000000007e-19,True
2123,4821.671750160562,1.3530161027195719e-15,3.969e-19,True
2124,4822.817817039337,1.3301493471019803e-15,3.9310399999999997e-19,True
2125,4823.964156327633,1.3192310970004224e-15,3.92518e-19,True
2126,4825.110768090207,1.2977359616484148e-15,3.9249799999999985e-19,True
2127,4826.2576523918,1.3243027111266014e-15,3.97193e-19,True
2128,4827.404809297206,1.36097989605882e-15,3.98262e-19,True
2129,4828.55223887124,1.380550728081166e-15,3.9418999999999996e-19,True
2130,4829.699941178686,1.3998905579459879e-15,3.96491e-19,True
2131,4830.8479162843705,1.3857588515662727e-15,3.9086599999999996e-19,True
2132,4831.996164253152,1.3758454991493712e-15,3.8927000000000003e-19,True
2133,4833.14468514988,1.3524924691392902e-15,3.9893899999999993e-19,True
2134,4834.293479039425,1.3411255178297604e-15,4.04556e-19,True
2135,4835.442545986677,1.3359260836023334e-15,4.181620000000001e-19,True
2136,4836.591886056529,1.3343245652092112e-15,4.20569e-19,True
2137,4837.741499313918,1.3582336815265532e-15,4.2789399999999995e-19,True
2138,4838.8913858237775,1.3627572011988958e-15,4.3027700000000014e-19,True
2139,4840.041545651041,1.2867329577261465e-15,4.22924e-19,True
2140,4841.191978860681,1.2820908187192492e-15,4.1937800000000006e-19,True
2141,4842.342685517678,1.331068075203058e-15,4.18977e-19,True
2142,4843.493665687029,1.3278235465219936e-15,4.1609e-19,True
2143,4844.644919433735,1.3001198198635444e-15,4.0606300000000006e-19,True
2144,4845.796446822832,1.3051848453135662e-15,4.0309300000000014e-19,True
2145,4846.948247919381,1.3255250351221766e-15,4.0368e-19,True
2146,4848.100322788412,1.3251154557338098e-15,3.9516700000000015e-19,True
2147,4849.252671494999,1.3239427862182098e-15,3.9658600000000007e-19,True
2148,4850.405294104257,1.345358580648937e-15,4.0135099999999993e-19,True
2149,4851.558190681264,1.3804290320844604e-15,3.9238300000000014e-19,True
2150,4852.711361291139,1.3933078192478396e-15,3.9313900000000003e-19,True
2151,4853.8648059990255,1.4077745860051087e-15,3.8925699999999997e-19,True
2152,4855.018524870084,1.3923375688898963e-15,3.7990700000000005e-19,True
2153,4856.17251796948,1.3804151999461347e-15,3.81554e-19,True
2154,4857.3267853623765,1.3952956002573878e-15,3.8524400000000007e-19,True
2155,4858.481327113972,1.4031064663766724e-15,3.83087e-19,True
2156,4859.636143289505,1.357768626272512e-15,3.83769e-19,True
2157,4860.791233954177,1.3428894379900807e-15,3.8741700000000004e-19,True
2158,4861.946599173232,1.3837962209923746e-15,3.78452e-19,True
2159,4863.102239011946,1.3912625076408773e-15,3.83636e-19,True
2160,4864.258153535585,1.3621765568384e-15,3.89368e-19,True
2161,4865.414342809429,1.359508957684452e-15,3.9566400000000004e-19,True
2162,4866.570806898804,1.3349153756054248e-15,4.01204e-19,True
2163,4867.72754586902,1.3457309003986283e-15,4.1212599999999993e-19,True
2164,4868.884559785415,1.4123493071498054e-15,4.232909999999998e-19,True
2165,4870.04184871334,1.4155460840581025e-15,4.2914599999999993e-19,True
2166,4871.199412718163,1.4255407158875272e-15,4.394410000000001e-19,True
2167,4872.357251865269,1.4015897174893948e-15,4.34038e-19,True
2168,4873.515366220054,1.3542647895307478e-15,4.3318099999999997e-19,True
2169,4874.6737558479335,1.34067307125461e-15,4.235889999999999e-19,True
2170,4875.832420814329,1.323133420739179e-15,4.12415e-19,True
2171,4876.991361184712,1.3197245768063558e-15,4.106410000000001e-19,True
2172,4878.150577024518,1.3168196706810814e-15,4.078800000000001e-19,True
2173,4879.31006839923,1.3075374198164824e-15,4.0551600000000007e-19,True
2174,4880.469835374333,1.3023794730471829e-15,3.9674399999999997e-19,True
2175,4881.629878015344,1.2973878128215188e-15,3.9643300000000003e-19,True
2176,4882.790196387802,1.2957506486505993e-15,3.86676e-19,True
2177,4883.950790557222,1.3396712505263918e-15,3.91417e-19,True
2178,4885.111660589164,1.3477499686795386e-15,3.8649200000000003e-19,True
2179,4886.2728065492,1.3637680887311178e-15,3.8742599999999998e-19,True
2180,4887.434228502916,1.365310322913724e-15,3.810749999999999e-19,True
2181,4888.595926515904,1.3751317336846863e-15,3.8346900000000004e-19,True
2182,4889.757900653796,1.382605687156999e-15,3.8914400000000006e-19,True
2183,4890.92015098221,1.4206205493541396e-15,3.8988200000000006e-19,True
2184,4892.082677566809,1.4222253187175568e-15,4.00113e-19,True
2185,4893.245480473251,1.4263146632402005e-15,4.0096700000000015e-19,True
2186,4894.408559767211,1.4179395037630637e-15,3.9802400000000005e-19,True
2187,4895.571915514395,1.403974466143103e-15,3.912350000000002e-19,True
2188,4896.735547780496,1.4316063377094438e-15,4.0252699999999994e-19,True
2189,4897.899456631239,1.460906479327005e-15,3.9795399999999994e-19,True
2190,4899.063642132384,1.443488063420769e-15,3.9595200000000003e-19,True
2191,4900.228104349671,1.4316733478166182e-15,4.001609999999999e-19,True
2192,4901.392843348897,1.3941441950716777e-15,4.11381e-19,True
2193,4902.5578591958265,1.3785221426703787e-15,4.17431e-19,True
2194,4903.723151956271,1.3844485300589838e-15,4.27315e-19,True
2195,4904.888721696051,1.385921792483065e-15,4.283480000000001e-19,True
2196,4906.054568481002,1.3076549431378695e-15,4.249190000000001e-19,True
2197,4907.220692376975,1.3046799146789667e-15,4.200229999999999e-19,True
2198,4908.387093449828,1.3768041986339184e-15,4.08375e-19,True
2199,4909.5537717654615,1.3754948620286348e-15,4.0596499999999994e-19,True
2200,4910.720727389754,1.367463307301791e-15,4.0078800000000005e-19,True
2201,4911.887960388639,1.3778604789925818e-15,4.0229500000000005e-19,True
2202,4913.055470828035,1.4059994910137313e-15,4.10546e-19,True
2203,4914.223258773889,1.4061042942056091e-15,4.2454900000000014e-19,True
2204,4915.39132429217,1.4061594940137184e-15,4.419310000000001e-19,True
2205,4916.559667448836,1.423113181868755e-15,4.466590000000001e-19,True
2206,4917.72828830988,1.4401766733523217e-15,4.54967e-19,True
2207,4918.897186941318,1.4497748937933832e-15,4.70658e-19,True
2208,4920.066363409191,1.4558603977762426e-15,4.913380000000001e-19,True
2209,4921.235817779512,1.3849717995964874e-15,5.11895e-19,True
2210,4922.405550118337,1.359205055148624e-15,5.17644e-19,True
2211,4923.57556049176,1.4069764892482158e-15,5.100969999999999e-19,True
2212,4924.745848965844,1.4155213572971132e-15,5.097430000000001e-19,True
2213,4925.916415606698,1.3984125561262754e-15,4.892909999999999e-19,True
2214,4927.087260480431,1.4004905218727003e-15,4.519460000000001e-19,True
2215,4928.258383653186,1.4251080632371457e-15,4.1911799999999997e-19,True
2216,4929.42978519112,1.41997622165011e-15,4.06837e-19,True
2217,4930.601465160389,1.4001331536690833e-15,3.9862599999999996e-19,True
2218,4931.773423627184,1.3955394402339232e-15,4.0168399999999986e-19,True
2219,4932.945660657681,1.3860870938550823e-15,4.0904200000000006e-19,True
2220,4934.118176318095,1.3878051561337289e-15,4.03814e-19,True
2221,4935.290970674669,1.3898270930041666e-15,4.085699999999999e-19,True
2222,4936.464043793639,1.4114580009240384e-15,4.00011e-19,True
2223,4937.637395741263,1.4273436222580473e-15,3.976869999999999e-19,True
2224,4938.811026583809,1.3862240126687044e-15,3.9826400000000003e-19,True
2225,4939.984936387584,1.3688568612739365e-15,3.9956699999999996e-19,True
2226,4941.159125218895,1.3397472109432272e-15,3.940599999999999e-19,True
2227,4942.333593144046,1.3337924802804736e-15,3.98213e-19,True
2228,4943.508340229376,1.3595912074027489e-15,3.93139e-19,True
2229,4944.683366541264,1.3592739248520631e-15,4.0058499999999997e-19,True
2230,4945.858672146046,1.3377358386538054e-15,4.069020000000001e-19,True
2231,4947.034257110124,1.3602979853945657e-15,4.1286400000000003e-19,True
2232,4948.210121499917,1.4469291982010147e-15,4.1425700000000003e-19,True
2233,4949.386265381814,1.4526229503171363e-15,4.1673700000000006e-19,True
2234,4950.56268882226,1.4637645088356848e-15,4.1337699999999996e-19,True
2235,4951.7393918877,1.466654823629641e-15,4.0877199999999994e-19,True
2236,4952.916374644599,1.4699797336621319e-15,3.9835000000000003e-19,True
2237,4954.093637159438,1.4586129599227172e-15,3.827219999999999e-19,True
2238,4955.271179498704,1.4508504541357842e-15,3.857230000000001e-19,True
2239,4956.449001728918,1.4328956787481277e-15,3.8743300000000002e-19,True
2240,4957.627103916623,1.4261462897000623e-15,3.8669099999999995e-19,True
2241,4958.805486128338,1.393491570525e-15,3.8387700000000004e-19,True
2242,4959.984148430631,1.3880847340261023e-15,3.8637300000000015e-19,True
2243,4961.163090890074,1.387321645116258e-15,3.813080000000001e-19,True
2244,4962.342313573262,1.3883367413635889e-15,3.7751100000000004e-19,True
2245,4963.521816546799,1.3943880850070973e-15,3.85839e-19,True
2246,4964.701599877298,1.3934007557483091e-15,3.83144e-19,True
2247,4965.881663631408,1.3899586154208388e-15,3.8930500000000003e-19,True
2248,4967.062007875799,1.403447674019479e-15,3.953899999999999e-19,True
2249,4968.2426326771165,1.4247341626230308e-15,3.9108100000000006e-19,True
2250,4969.423538102044,1.4552346778867654e-15,3.8791300000000003e-19,True
2251,4970.604724217304,1.4832572262662019e-15,3.9196499999999996e-19,True
2252,4971.786191089602,1.4743000094850568e-15,3.967880000000001e-19,True
2253,4972.967938785672,1.4697703463207351e-15,3.9593699999999994e-19,True
2254,4974.149967372264,1.4321087746956211e-15,4.0025599999999996e-19,True
2255,4975.332276916134,1.4225646368967771e-15,4.0424500000000007e-19,True
2256,4976.514867484081,1.506194893706732e-15,3.971899999999999e-19,True
2257,4977.697739142892,1.5063208481382707e-15,4.00207e-19,True
2258,4978.880891959381,1.4240206398871182e-15,3.9603900000000003e-19,True
2259,4980.064326000384,1.4197908101150903e-15,3.88828e-19,True
2260,4981.248041332729,1.4030577618643126e-15,3.876510000000001e-19,True
2261,4982.432038023276,1.4119341425684143e-15,3.82508e-19,True
2262,4983.616316138919,1.428191264882486e-15,3.8751e-19,True
2263,4984.80087574654,1.4233615799404333e-15,3.7931499999999997e-19,True
2264,4985.985716913049,1.4183358548593726e-15,3.8495300000000005e-19,True
2265,4987.170839705361,1.4122786136849482e-15,3.8308099999999994e-19,True
2266,4988.356244190431,1.4088769609626096e-15,3.79275e-19,True
2267,4989.541930435209,1.4341073942700552e-15,3.7908299999999994e-19,True
2268,4990.727898506674,1.4416555222933327e-15,3.7892799999999997e-19,True
2269,4991.914148471796,1.459799973771085e-15,3.8053299999999994e-19,True
2270,4993.100680397579,1.4628504151294992e-15,3.7741200000000003e-19,True
2271,4994.287494351051,1.480518204427213e-15,3.79661e-19,True
2272,4995.474590399264,1.4823721815923657e-15,3.798979999999998e-19,True
2273,4996.661968609245,1.4885841798216431e-15,3.8017200000000005e-19,True
2274,4997.849629048069,1.4831027687427153e-15,3.8043800000000014e-19,True
2275,4999.037571782818,1.4727625730996797e-15,3.8159799999999987e-19,True
2276,5000.225796880593,1.4493323173086557e-15,3.8575900000000003e-19,True
2277,5001.4143044085085,1.4257955093708768e-15,3.8619499999999995e-19,True
2278,5002.603094433687,1.441398470483295e-15,3.8378099999999996e-19,True
2279,5003.792167023283,1.4500854610065308e-15,3.8989500000000007e-19,True
2280,5004.981522244479,1.4266343221171882e-15,3.8366900000000004e-19,True
2281,5006.1711601644165,1.4207970300290451e-15,3.87974e-19,True
2282,5007.361080850318,1.4369967938405777e-15,3.8765800000000006e-19,True
2283,5008.551284369395,1.4351922483303084e-15,3.8368999999999995e-19,True
2284,5009.741770788855,1.4054469118530175e-15,3.821840000000001e-19,True
2285,5010.932540175952,1.4044947596261878e-15,3.809669999999999e-19,True
2286,5012.123592597934,1.4008675927375864e-15,3.78522e-19,True
2287,5013.314928122093,1.4190121961645289e-15,3.7600200000000014e-19,True
2288,5014.5065468157045,1.4466829955382874e-15,3.84675e-19,True
2289,5015.698448746091,1.426345861489183e-15,3.723580000000001e-19,True
2290,5016.890633980567,1.4095327689726007e-15,3.75034e-19,True
2291,5018.083102586472,1.3853066169619768e-15,3.7543100000000002e-19,True
2292,5019.27585463116,1.375076652813993e-15,3.717219999999999e-19,True
2293,5020.468890182001,1.358040795625338e-15,3.7604799999999993e-19,True
2294,5021.662209306383,1.3551806411279243e-15,3.74469e-19,True
2295,5022.855812071708,1.3310567427839424e-15,3.689940000000001e-19,True
2296,5024.0496985453965,1.3427974045007616e-15,3.808340000000002e-19,True
2297,5025.2438687948725,1.4019262396161057e-15,3.801580000000001e-19,True
2298,5026.438322887614,1.3943757349140508e-15,3.684919999999999e-19,True
2299,5027.633060891053,1.3778668615090692e-15,3.73932e-19,True
2300,5028.828082872699,1.3780105759250782e-15,3.7434200000000006e-19,True
2301,5030.023388900042,1.378136689843286e-15,3.74734e-19,True
2302,5031.218979040596,1.392351944166776e-15,3.76861e-19,True
2303,5032.414853361895,1.4007233413232008e-15,3.831110000000001e-19,True
2304,5033.6110119314735,1.5397643130166787e-15,3.7658799999999997e-19,True
2305,5034.807454816915,1.5766075067152215e-15,3.79788e-19,True
2306,5036.004182085789,1.8823275435740286e-15,3.752299999999998e-19,True
2307,5037.201193805699,1.9185499256483664e-15,3.780610000000001e-19,True
2308,5038.398490044232,2.079252977227437e-15,3.8017799999999996e-19,True
2309,5039.596070869049,2.0820842592030116e-15,3.781029999999999e-19,True
2310,5040.793936347759,2.088839459589022e-15,3.824360000000001e-19,True
2311,5041.992086548038,1.997098827072736e-15,3.7435500000000007e-19,True
2312,5043.190521537581,1.8769298308150443e-15,3.7502599999999995e-19,True
2313,5044.389241384052,1.7085313758699208e-15,3.7151699999999994e-19,True
2314,5045.588246155169,1.594275707940006e-15,3.72755e-19,True
2315,5046.787535918655,1.4458201154862196e-15,3.771979999999999e-19,True
2316,5047.98711074225,1.3988147639127555e-15,3.7009900000000016e-19,True
2317,5049.186970693711,1.2892276893608342e-15,3.78862e-19,True
2318,5050.387115840799,1.2820161997671943e-15,3.736549999999999e-19,True
2319,5051.587546251315,1.2998370241059756e-15,3.7801200000000014e-19,True
2320,5052.78826199307,1.3038949120763402e-15,3.761499999999999e-19,True
2321,5053.989263133884,1.3152566017468082e-15,3.7657999999999997e-19,True
2322,5055.190549741569,1.3280152613280397e-15,3.686180000000001e-19,True
2323,5056.392121884013,1.3455587972806779e-15,3.7379200000000004e-19,True
2324,5057.593979629058,1.328692538473853e-15,3.71747e-19,True
2325,5058.796123044596,1.3168923035239592e-15,3.7237700000000014e-19,True
2326,5059.998552198523,1.4215394388308952e-15,3.7059800000000004e-19,True
2327,5061.201267158771,1.4558487572475018e-15,3.6859799999999997e-19,True
2328,5062.404267993266,1.3566937433764888e-15,3.732880000000001e-19,True
2329,5063.607554769958,1.350313075722397e-15,3.7171200000000003e-19,True
2330,5064.811127556813,1.3661484666722386e-15,3.7450099999999996e-19,True
2331,5066.014986421803,1.3604727936786626e-15,3.8253799999999992e-19,True
2332,5067.219131432944,1.3439526239692331e-15,3.81189e-19,True
2333,5068.423562658242,1.3660737339783968e-15,3.87311e-19,True
2334,5069.628280165728,1.3948455831869324e-15,3.9193899999999994e-19,True
2335,5070.833284023438,1.4045246734045666e-15,4.0166700000000003e-19,True
2336,5072.038574299455,1.4109442250678413e-15,3.93804e-19,True
2337,5073.244151061846,1.393160706440415e-15,3.9913599999999996e-19,True
2338,5074.450014378718,1.3883378750531095e-15,3.9708899999999997e-19,True
2339,5075.656164318163,1.4137514274292742e-15,3.895499999999999e-19,True
2340,5076.86260094831,1.4185580996024952e-15,3.831349999999999e-19,True
2341,5078.069324337327,1.4410955422948902e-15,3.762630000000001e-19,True
2342,5079.276334553339,1.4528791293426247e-15,3.7775599999999993e-19,True
2343,5080.483631664542,1.4798204707039219e-15,3.6938299999999995e-19,True
2344,5081.691215739144,1.4923796900371986e-15,3.7665e-19,True
2345,5082.899086845328,1.5061424706673495e-15,3.8028699999999986e-19,True
2346,5084.107245051328,1.4737513939088013e-15,3.7235899999999997e-19,True
2347,5085.315690425383,1.4567153755470397e-15,3.683599999999999e-19,True
2348,5086.524423035742,1.4562148900671549e-15,3.7510699999999984e-19,True
2349,5087.733442950707,1.456866611887069e-15,3.7088400000000005e-19,True
2350,5088.94275023853,1.5122111382644204e-15,3.73073e-19,True
2351,5090.152344967535,1.5090992004535977e-15,3.7468400000000012e-19,True
2352,5091.362227206064,1.4944053785972034e-15,3.6634200000000003e-19,True
2353,5092.572397022425,1.467881527038148e-15,3.7117200000000004e-19,True
2354,5093.782854484975,1.421901012888174e-15,3.7496500000000007e-19,True
2355,5094.993599662103,1.4445762162871054e-15,3.72377e-19,True
2356,5096.204632622185,1.4633643345122242e-15,3.64763e-19,True
2357,5097.415953433636,1.4941206143962065e-15,3.740550000000001e-19,True
2358,5098.627562164847,1.5057826299060355e-15,3.7056099999999995e-19,True
2359,5099.839458884272,1.361474390152432e-15,3.6997800000000006e-19,True
2360,5101.051643660382,1.3515293162769477e-15,3.70871e-19,True
2361,5102.264116561608,1.389587738148297e-15,3.64266e-19,True
2362,5103.476877656462,1.375664871712013e-15,3.627979999999999e-19,True
2363,5104.689927013438,1.3388847998286293e-15,3.6383400000000015e-19,True
2364,5105.903264701051,1.3781005150400262e-15,3.617899999999999e-19,True
2365,5107.116890787835,1.4237781785107824e-15,3.6101399999999995e-19,True
2366,5108.33080534234,1.4445629302462258e-15,3.56289e-19,True
2367,5109.545008433132,1.4560659779016522e-15,3.5767200000000017e-19,True
2368,5110.759500128794,1.4743443537480596e-15,3.599150000000001e-19,True
2369,5111.974280497915,1.4789356601443118e-15,3.6506300000000004e-19,True
2370,5113.189349609128,1.51193398625305e-15,3.640739999999999e-19,True
2371,5114.404707531056,1.5128137459662135e-15,3.66668e-19,True
2372,5115.620354332355,1.5152220698406692e-15,3.653359999999999e-19,True
2373,5116.836290081663,1.4846858288804325e-15,3.6715500000000007e-19,True
2374,5118.052514847685,1.4377846981301944e-15,3.6993900000000003e-19,True
2375,5119.269028699111,1.4609348042146034e-15,3.70994e-19,True
2376,5120.485831704653,1.4774899286603447e-15,3.70504e-19,True
2377,5121.702923933031,1.4789058386717134e-15,3.68195e-19,True
2378,5122.920305453019,1.4795463938960018e-15,3.7091400000000004e-19,True
2379,5124.137976333341,1.4675960183013191e-15,3.60902e-19,True
2380,5125.355936642803,1.4751472501384262e-15,3.6812999999999993e-19,True
2381,5126.574186450191,1.516948989605916e-15,3.6941899999999986e-19,True
2382,5127.792725824306,1.5292213879844006e-15,3.6471800000000005e-19,True
2383,5129.0115548339945,1.5519009154781298e-15,3.70308e-19,True
2384,5130.230673548091,1.5508917152412575e-15,3.6975999999999993e-19,True
2385,5131.450082035455,1.550084073558578e-15,3.6640800000000007e-19,True
2386,5132.669780364964,1.5389521979601332e-15,3.6435400000000003e-19,True
2387,5133.889768605519,1.5351423150606166e-15,3.6364100000000005e-19,True
2388,5135.110046826011,1.5875278500267808e-15,3.62592e-19,True
2389,5136.330615095374,1.585462674991719e-15,3.687779999999999e-19,True
2390,5137.551473482543,1.5412507469234508e-15,3.665719999999999e-19,True
2391,5138.772622056484,1.5527734447491664e-15,3.690180000000001e-19,True
2392,5139.994060886189,1.5768200475448837e-15,3.6639699999999986e-19,True
2393,5141.215790040623,1.571877058256256e-15,3.641699999999998e-19,True
2394,5142.437809588802,1.5672871278663543e-15,3.6238700000000003e-19,True
2395,5143.660119599743,1.5298750233397354e-15,3.6402200000000004e-19,True
2396,5144.88272014251,1.515143659886697e-15,3.62952e-19,True
2397,5146.105611286126,1.5008582353876745e-15,3.6228900000000006e-19,True
2398,5147.328793099682,1.501055327346002e-15,3.627289999999999e-19,True
2399,5148.552265652284,1.511469382866076e-15,3.657240000000001e-19,True
2400,5149.7760290130045,1.4921604760084069e-15,3.61686e-19,True
2401,5151.00008325099,1.4493545951894877e-15,3.639549999999999e-19,True
2402,5152.224428435373,1.4616319598749098e-15,3.65878e-19,True
2403,5153.449064635308,1.4732919847785176e-15,3.67448e-19,True
2404,5154.673991919965,1.5045560639847862e-15,3.7085100000000003e-19,True
2405,5155.899210358543,1.517199732411289e-15,3.7408899999999993e-19,True
2406,5157.124720020219,1.5359861705421054e-15,3.778099999999999e-19,True
2407,5158.350520974242,1.5296613806806365e-15,3.8697300000000012e-19,True
2408,5159.576613289838,1.4692595534686029e-15,3.964270000000001e-19,True
2409,5160.802997036263,1.453299920899889e-15,4.0959300000000007e-19,True
2410,5162.029672282778,1.4196590574838252e-15,4.1283499999999994e-19,True
2411,5163.2566390986885,1.4455343364282225e-15,4.137579999999998e-19,True
2412,5164.4838975532975,1.4686660831163323e-15,4.05768e-19,True
2413,5165.711447715897,1.4517305886885607e-15,3.9895699999999996e-19,True
2414,5166.939289655841,1.4457364939257627e-15,3.87643e-19,True
2415,5168.167423442502,1.4298015445966089e-15,3.8161000000000003e-19,True
2416,5169.395849145212,1.4265114344001623e-15,3.8054300000000007e-19,True
2417,5170.624566833394,1.4122471986892255e-15,3.87045e-19,True
2418,5171.853576576422,1.4401205969201735e-15,4.2285299999999996e-19,True
2419,5173.082878443714,1.490786756079958e-15,4.83532e-19,True
2420,5174.312472504726,1.4929681990538858e-15,5.611780000000001e-19,True
2421,5175.542358828908,1.4947145417800265e-15,6.365259999999998e-19,True
2422,5176.7725374857,1.5006475746407812e-15,6.742769999999999e-19,True
2423,5178.003008544607,1.5025623870011083e-15,6.7782e-19,True
2424,5179.233772075139,1.4669489745115974e-15,6.549130000000001e-19,True
2425,5180.464828146804,1.4783877762509357e-15,6.143069999999999e-19,True
2426,5181.696176829136,1.5285004743456511e-15,5.839489999999998e-19,True
2427,5182.927818191687,1.5370941931972686e-15,5.476190000000001e-19,True
2428,5184.159752304033,1.54966925295422e-15,5.136859999999998e-19,True
2429,5185.39197923573,1.6127625651081981e-15,4.745650000000001e-19,True
2430,5186.624499056406,1.6521849534805453e-15,4.343280000000001e-19,True
2431,5187.857311835661,1.6856233634198291e-15,3.98202e-19,True
2432,5189.090417643155,1.6964510425624472e-15,3.765120000000001e-19,True
2433,5190.32381654851,1.780791005298242e-15,3.6537999999999994e-19,True
2434,5191.557508621394,1.7593158121147031e-15,3.586820000000001e-19,True
2435,5192.791493931507,1.696821731229256e-15,3.7061100000000005e-19,True
2436,5194.025772548542,1.6595453476146157e-15,3.761159999999999e-19,True
2437,5195.260344542213,1.6178856896046674e-15,4.08676e-19,True
2438,5196.495209982253,1.5543230270446691e-15,4.495359999999999e-19,True
2439,5197.730368938404,1.5256585042775654e-15,4.953860000000001e-19,True
2440,5198.965821480449,1.4790021394013975e-15,5.23851e-19,True
2441,5200.201567678172,1.4687317806065944e-15,5.331669999999999e-19,True
2442,5201.437607601353,1.4293432742838021e-15,5.28016e-19,True
2443,5202.6739413198175,1.4303058860303337e-15,5.233480000000001e-19,True
2444,5203.910568903397,1.4320121067095797e-15,5.113979999999999e-19,True
2445,5205.147490421931,1.4126756738950925e-15,5.008430000000002e-19,True
2446,5206.384705945296,1.3975492233323651e-15,4.8667500000000005e-19,True
2447,5207.622215543383,1.4363543960688292e-15,4.775190000000001e-19,True
2448,5208.8600192860895,1.4473981301125136e-15,4.781320000000002e-19,True
2449,5210.098117243314,1.4698186670532077e-15,4.64123e-19,True
2450,5211.336509484997,1.4660616850705781e-15,4.518520000000001e-19,True
2451,5212.575196081088,1.452565358580043e-15,4.3265500000000003e-19,True
2452,5213.814177101552,1.4523420249690886e-15,4.2576300000000004e-19,True
2453,5215.05345261636,1.4520262078862456e-15,4.0455199999999994e-19,True
2454,5216.293022695532,1.4868290552083195e-15,3.91507e-19,True
2455,5217.532887409072,1.5042328345790783e-15,3.76045e-19,True
2456,5218.773046827013,1.5333817033806882e-15,3.8006099999999993e-19,True
2457,5220.0135010193935,1.5315406644951605e-15,3.8037099999999997e-19,True
2458,5221.254250056298,1.489497362318821e-15,3.745660000000001e-19,True
2459,5222.495294007807,1.4659796980004412e-15,3.7430200000000004e-19,True
2460,5223.736632944001,1.4203477226049383e-15,3.6839999999999995e-19,True
2461,5224.978266934995,1.4514059644276353e-15,3.6166999999999993e-19,True
2462,5226.220196050931,1.4751793233390214e-15,3.5780500000000005e-19,True
2463,5227.462420361966,1.4466160322342938e-15,3.6015199999999986e-19,True
2464,5228.704939938256,1.4401755424012252e-15,3.5376999999999996e-19,True
2465,5229.947754849993,1.4837020425241435e-15,3.569640000000001e-19,True
2466,5231.190865167355,1.470674206862458e-15,3.528209999999999e-19,True
2467,5232.434270960567,1.4312402519634962e-15,3.55799e-19,True
2468,5233.6779722998535,1.4879464084989337e-15,3.51324e-19,True
2469,5234.92196925548,1.5498532723788824e-15,3.5717e-19,True
2470,5236.166261897703,1.54492438888346e-15,3.5549200000000006e-19,True
2471,5237.410850296794,1.5429314911504942e-15,3.6542200000000004e-19,True
2472,5238.655734523071,1.477602640175441e-15,3.7604800000000008e-19,True
2473,5239.900914646842,1.4895489479974378e-15,4.126380000000001e-19,True
2474,5241.146390738436,1.5687121518277187e-15,4.3249799999999998e-19,True
2475,5242.392162868213,1.550966115653898e-15,4.50363e-19,True
2476,5243.63823110651,1.5245020111825607e-15,4.70344e-19,True
2477,5244.8845955237375,1.5487373751942636e-15,4.850360000000001e-19,True
2478,5246.131256190275,1.5627209050320713e-15,4.863790000000001e-19,True
2479,5247.378213176568,1.5787066157295111e-15,4.908799999999999e-19,True
2480,5248.6254665530105,1.5763832818972582e-15,4.890399999999999e-19,True
2481,5249.873016390079,1.5343704075535586e-15,4.918399999999999e-19,True
2482,5251.120862758232,1.5380292623982095e-15,4.78024e-19,True
2483,5252.36900572795,1.5451771502804283e-15,4.73561e-19,True
2484,5253.617445369734,1.5477861371234735e-15,4.570159999999999e-19,True
2485,5254.866181754109,1.549731879067039e-15,4.35717e-19,True
2486,5256.11521495158,1.480720333577243e-15,4.1794300000000015e-19,True
2487,5257.364545032726,1.466291289369943e-15,4.11102e-19,True
2488,5258.614172068093,1.5026466658257862e-15,4.0679100000000004e-19,True
2489,5259.864096128283,1.4959989909696239e-15,3.95385e-19,True
2490,5261.1143172838965,1.4793132497446889e-15,3.89634e-19,True
2491,5262.364835605532,1.477688407386194e-15,3.8290700000000005e-19,True
2492,5263.615651163833,1.4762084062813924e-15,3.824160000000002e-19,True
2493,5264.866764029439,1.451112560417616e-15,3.7877500000000013e-19,True
2494,5266.118174273038,1.4434995696071557e-15,3.9033400000000007e-19,True
2495,5267.369881965302,1.4879456431255387e-15,3.953219999999999e-19,True
2496,5268.621887176924,1.4765305933911147e-15,4.0184999999999996e-19,True
2497,5269.874189978641,1.4413611696805062e-15,4.1096000000000014e-19,True
2498,5271.126790441186,1.4366502178989971e-15,4.131969999999999e-19,True
2499,5272.379688635293,1.4316788805963434e-15,4.07465e-19,True
2500,5273.632884631737,1.4820123661359044e-15,4.0859e-19,True
2501,5274.886378501305,1.5006833136249884e-15,4.0032699999999996e-19,True
2502,5276.140170314789,1.5823748522610328e-15,3.943150000000001e-19,True
2503,5277.394260143017,1.5808567158986613e-15,3.950970000000001e-19,True
2504,5278.648648056843,1.5670908580255804e-15,3.9150000000000004e-19,True
2505,5279.90333412708,1.5533966621448516e-15,3.9841900000000005e-19,True
2506,5281.158318424627,1.5374254091324258e-15,3.9968100000000006e-19,True
2507,5282.41360102036,1.54059490499177e-15,4.05205e-19,True
2508,5283.669181985192,1.5418702296616886e-15,4.0234399999999996e-19,True
2509,5284.925061390013,1.4969677412320301e-15,3.9531599999999997e-19,True
2510,5286.181239305779,1.485234580860561e-15,3.79875e-19,True
2511,5287.437715803452,1.4473842384888964e-15,3.6997400000000004e-19,True
2512,5288.694490953993,1.4726221898069027e-15,3.7118099999999993e-19,True
2513,5289.95156482839,1.5037155751864472e-15,3.67727e-19,True
2514,5291.208937497655,1.4837999944483679e-15,3.753549999999999e-19,True
2515,5292.466609032782,1.4750805223153405e-15,3.8828900000000006e-19,True
2516,5293.724579504836,1.484121239566122e-15,3.945449999999999e-19,True
2517,5294.982848984861,1.4748314990927315e-15,3.96342e-19,True
2518,5296.241417543931,1.4348692311926448e-15,3.8938000000000006e-19,True
2519,5297.500285253132,1.4618175186436738e-15,3.8715899999999994e-19,True
2520,5298.75945218357,1.4951820893865108e-15,3.7666699999999997e-19,True
2521,5300.018918406367,1.5143509439988879e-15,3.6883600000000016e-19,True
2522,5301.278683992654,1.5225631037247086e-15,3.735830000000001e-19,True
2523,5302.5387490136045,1.4940688682460114e-15,3.8546300000000005e-19,True
2524,5303.799113540382,1.5094193403361034e-15,3.947610000000001e-19,True
2525,5305.059777644176,1.5755089647507805e-15,4.04331e-19,True
2526,5306.3207413961945,1.5542400193439182e-15,4.10151e-19,True
2527,5307.58200486766,1.5290541013058544e-15,4.1160000000000004e-19,True
2528,5308.843568129812,1.5146613296667479e-15,3.984039999999999e-19,True
2529,5310.105431253901,1.5087625760913492e-15,3.8417999999999984e-19,True
2530,5311.367594311218,1.510347799683428e-15,3.6589099999999993e-19,True
2531,5312.630057373047,1.4913373907080308e-15,3.5999699999999993e-19,True
2532,5313.892820510695,1.425353980170482e-15,3.562979999999999e-19,True
2533,5315.155883795487,1.4701031722323604e-15,3.5016900000000013e-19,True
2534,5316.419247298767,1.5185751572066704e-15,3.4873400000000013e-19,True
2535,5317.6829110918825,1.4642780038368476e-15,3.456430000000001e-19,True
2536,5318.94687524623,1.444855633941127e-15,3.516439999999999e-19,True
2537,5320.211139833192,1.4835026267466902e-15,3.5864700000000003e-19,True
2538,5321.475704924189,1.4869231363288959e-15,3.67632e-19,True
2539,5322.740570590619,1.4967591551004372e-15,3.72694e-19,True
2540,5324.005736903956,1.4824588784535102e-15,3.78888e-19,True
2541,5325.271203935649,1.4689499750321277e-15,3.7565599999999996e-19,True
2542,5326.536971757168,1.450802666094235e-15,3.6962499999999997e-19,True
2543,5327.803040440036,1.4449820741195157e-15,3.6251699999999993e-19,True
2544,5329.069410055728,1.4335076087013387e-15,3.62063e-19,True
2545,5330.336080675799,1.4368386129816782e-15,3.7496300000000013e-19,True
2546,5331.603052371789,1.44492196436791e-15,3.912719999999999e-19,True
2547,5332.870325215267,1.4294372321907238e-15,4.07311e-19,True
2548,5334.137899277796,1.4172652011579507e-15,4.0774900000000006e-19,True
2549,5335.405774630973,1.481510745906975e-15,4.0981599999999997e-19,True
2550,5336.67395134643,1.4933065661930804e-15,3.934680000000001e-19,True
2551,5337.942429495789,1.47493371791612e-15,3.795820000000001e-19,True
2552,5339.211209150699,1.467502732189146e-15,3.65018e-19,True
2553,5340.480290382823,1.4540665758735865e-15,3.6258900000000003e-19,True
2554,5341.749673263845,1.4315366026797465e-15,3.6877299999999995e-19,True
2555,5343.019357865463,1.417582863949242e-15,3.723299999999999e-19,True
2556,5344.289344259394,1.446332326807546e-15,3.85277e-19,True
2557,5345.559632517361,1.4624769203538363e-15,3.8838899999999997e-19,True
2558,5346.830222711124,1.5324078300422025e-15,3.8539599999999987e-19,True
2559,5348.1011149124615,1.4912478122193382e-15,3.878700000000001e-19,True
2560,5349.372309193146,1.4345417579214337e-15,3.799070000000001e-19,True
2561,5350.643805624989,1.471577151127179e-15,3.74924e-19,True
2562,5351.915604279781,1.488180133276629e-15,3.7575900000000004e-19,True
2563,5353.187705229388,1.4757951516986535e-15,3.7956599999999997e-19,True
2564,5354.460108545659,1.45065855939021e-15,3.8017299999999995e-19,True
2565,5355.732814300437,1.367973612124478e-15,3.8186999999999998e-19,True
2566,5357.0058225656285,1.3336489293053083e-15,3.78493e-19,True
2567,5358.279133413155,1.2991786090886032e-15,3.7790699999999984e-19,True
2568,5359.552746914911,1.2558083674906373e-15,3.8463100000000004e-19,True
2569,5360.826663142833,1.241736521769361e-15,3.9080699999999983e-19,True
2570,5362.100882168905,1.2192015927418114e-15,4.0274300000000003e-19,True
2571,5363.375404065062,1.2455399979259615e-15,4.15003e-19,True
2572,5364.650228903331,1.302854882111071e-15,4.131879999999999e-19,True
2573,5365.92535675568,1.3408841208820205e-15,4.0672000000000013e-19,True
2574,5367.200787694162,1.367304217022123e-15,4.06592e-19,True
2575,5368.476521790797,1.414521728817258e-15,3.8806199999999995e-19,True
2576,5369.7525591176645,1.416954165041747e-15,3.720269999999999e-19,True
2577,5371.028899746829,1.387009055427869e-15,3.653560000000001e-19,True
2578,5372.305543750383,1.3762372226265887e-15,3.5728499999999993e-19,True
2579,5373.582491200444,1.3611620431903e-15,3.4383199999999993e-19,True
2580,5374.85974216911,1.3490864960282215e-15,3.351019999999999e-19,True
2581,5376.137296728555,1.3435645411777682e-15,3.3875699999999993e-19,True
2582,5377.415154950929,1.4087430581085535e-15,3.3986699999999985e-19,True
2583,5378.693316908409,1.4085613114411953e-15,3.40169e-19,True
2584,5379.971782673182,1.4022046150600855e-15,3.3490300000000007e-19,True
2585,5381.250552317488,1.4027853641853393e-15,3.34136e-19,True
2586,5382.529625913528,1.403280295997744e-15,3.3461400000000004e-19,True
2587,5383.809003533548,1.439836524759656e-15,3.3573599999999997e-19,True
2588,5385.088685249832,1.454647168533479e-15,3.3800500000000006e-19,True
2589,5386.36867113465,1.5204300707530335e-15,3.38064e-19,True
2590,5387.648961260292,1.5065307832537123e-15,3.3698300000000013e-19,True
2591,5388.92955569909,1.4827628488173387e-15,3.423979999999999e-19,True
2592,5390.210454523369,1.5298366445786495e-15,3.401e-19,True
2593,5391.491657805478,1.5551752454853585e-15,3.472390000000001e-19,True
2594,5392.773165617793,1.4854034443484711e-15,3.470670000000001e-19,True
2595,5394.054978032679,1.4767242630965426e-15,3.4846e-19,True
2596,5395.337095122539,1.4645137380977092e-15,3.46145e-19,True
2597,5396.619516959807,1.5467731378887437e-15,3.478499999999999e-19,True
2598,5397.902243616912,1.6295245331534516e-15,3.55292e-19,True
2599,5399.185275166296,1.4728890036689082e-15,3.58423e-19,True
2600,5400.468611680458,1.4290776261717404e-15,3.579670000000001e-19,True
2601,5401.752253231857,1.4258010392182493e-15,3.6213300000000005e-19,True
2602,5403.036199893007,1.4353100427236443e-15,3.59403e-19,True
2603,5404.320451736419,1.4528566582357243e-15,3.4937400000000003e-19,True
2604,5405.605008834654,1.4601068969673555e-15,3.4434399999999996e-19,True
2605,5406.889871260256,1.4640171491979363e-15,3.3921800000000007e-19,True
2606,5408.175039085789,1.5148574116285546e-15,3.38987e-19,True
2607,5409.460512383874,1.5137277279912026e-15,3.3667500000000003e-19,True
2608,5410.746291227089,1.496474997026814e-15,3.3567199999999997e-19,True
2609,5412.03237568807,1.496656478597815e-15,3.31996e-19,True
2610,5413.318765839449,1.4968238917130914e-15,3.3582400000000006e-19,True
2611,5414.605461753915,1.5000791732194566e-15,3.350209999999999e-19,True
2612,5415.892463504107,1.498646976104311e-15,3.3622399999999983e-19,True
2613,5417.179771162747,1.4770022242754876e-15,3.3109599999999994e-19,True
2614,5418.467384802538,1.4578978870299228e-15,3.3302599999999995e-19,True
2615,5419.755304496209,1.4266379329161683e-15,3.39712e-19,True
2616,5421.043530316505,1.4465880793134862e-15,3.37312e-19,True
2617,5422.332062336181,1.4562569393135122e-15,3.33838e-19,True
2618,5423.620900628036,1.4836667728700402e-15,3.3611200000000005e-19,True
2619,5424.910045264869,1.477520923192572e-15,3.3521400000000006e-19,True
2620,5426.199496319467,1.45712676687864e-15,3.3283100000000005e-19,True
2621,5427.48925386469,1.4633551618994073e-15,3.315009999999999e-19,True
2622,5428.779317973379,1.4683909413122822e-15,3.35391e-19,True
2623,5430.069688718401,1.5515445731419177e-15,3.3535500000000003e-19,True
2624,5431.360366172642,1.5647448672717427e-15,3.364460000000001e-19,True
2625,5432.651350409004,1.5533511734721495e-15,3.382659999999999e-19,True
2626,5433.942641500403,1.5475503181124696e-15,3.42745e-19,True
2627,5435.234239519779,1.5401698038212947e-15,3.38739e-19,True
2628,5436.526144540085,1.5312918482613182e-15,3.44127e-19,True
2629,5437.818356634282,1.5285240441258093e-15,3.482250000000001e-19,True
2630,5439.110875875379,1.549631357824809e-15,3.52199e-19,True
2631,5440.403702336372,1.5420505250911357e-15,3.600170000000001e-19,True
2632,5441.696836090283,1.5270029871414643e-15,3.5729800000000003e-19,True
2633,5442.990277210154,1.5176471515838858e-15,3.5589000000000004e-19,True
2634,5444.284025769033,1.511975014685737e-15,3.5104600000000003e-19,True
2635,5445.578081840015,1.5521232564114787e-15,3.515e-19,True
2636,5446.872445496184,1.5587517457472377e-15,3.4623300000000015e-19,True
2637,5448.167116810649,1.5714257833326387e-15,3.41117e-19,True
2638,5449.462095856527,1.5273272326468173e-15,3.3458600000000003e-19,True
2639,5450.757382706985,1.4882496448888648e-15,3.3397299999999995e-19,True
2640,5452.052977435182,1.5258794982620059e-15,3.34335e-19,True
2641,5453.34888011427,1.529355694067287e-15,3.35619e-19,True
2642,5454.645090817487,1.5046268752028042e-15,3.3663199999999984e-19,True
2643,5455.941609618015,1.4576281766441783e-15,3.3812400000000004e-19,True
2644,5457.238436589098,1.3975991481605878e-15,3.3453400000000004e-19,True
2645,5458.535571803974,1.388801341418711e-15,3.3856800000000004e-19,True
2646,5459.83301533592,1.3845053022413711e-15,3.378849999999999e-19,True
2647,5461.130767258231,1.3634888818787478e-15,3.4051800000000006e-19,True
2648,5462.428827644197,1.370115752249646e-15,3.4223199999999998e-19,True
2649,5463.727196567137,1.382524716531165e-15,3.33442e-19,True
2650,5465.025874100399,1.3911539199298064e-15,3.3603e-19,True
2651,5466.324860317306,1.3954472652808636e-15,3.38177e-19,True
2652,5467.62415529127,1.4815726259147413e-15,3.4031199999999995e-19,True
2653,5468.923759095637,1.4776177124188035e-15,3.3943299999999988e-19,True
2654,5470.223671803847,1.4597889354214207e-15,3.36041e-19,True
2655,5471.523893489311,1.479864870731751e-15,3.38402e-19,True
2656,5472.824424225471,1.4941397345152366e-15,3.37204e-19,True
2657,5474.125264085774,1.5528219035589589e-15,3.39246e-19,True
2658,5475.426413143718,1.5597350906385441e-15,3.36036e-19,True
2659,5476.727871472795,1.5598220318650482e-15,3.41831e-19,True
2660,5478.029639146487,1.5744481070291464e-15,3.4008800000000006e-19,True
2661,5479.331716238352,1.5883488545237563e-15,3.3698500000000007e-19,True
2662,5480.634102821916,1.5904760948371025e-15,3.3726799999999995e-19,True
2663,5481.936798970761,1.5982942128836753e-15,3.4167299999999997e-19,True
2664,5483.239804758468,1.6467379767734794e-15,3.44056e-19,True
2665,5484.543120258618,1.6366678668867873e-15,3.4139999999999997e-19,True
2666,5485.8467455448335,1.6243693039800949e-15,3.4180699999999994e-19,True
2667,5487.150680690741,1.6469372022618928e-15,3.3586400000000013e-19,True
2668,5488.454925770008,1.6507435432689956e-15,3.3691499999999996e-19,True
2669,5489.759480856294,1.6140289720997348e-15,3.355220000000001e-19,True
2670,5491.064346023286,1.5823438922537404e-15,3.2703e-19,True
2671,5492.369521344686,1.5331285073216902e-15,3.318660000000001e-19,True
2672,5493.675006894216,1.5498080604128146e-15,3.29823e-19,True
2673,5494.980802745612,1.5564827024446935e-15,3.2750500000000005e-19,True
2674,5496.286908972623,1.5537947038876214e-15,3.2956300000000007e-19,True
2675,5497.59332564904,1.5615924756938477e-15,3.27642e-19,True
2676,5498.900052848645,1.5771102895896524e-15,3.3135399999999995e-19,True
2677,5500.207090645246,1.5795787872464589e-15,3.2561799999999995e-19,True
2678,5501.5144391126605,1.5806900093567926e-15,3.259269999999999e-19,True
2679,5502.82209832475,1.6945187554577533e-15,3.27487e-19,True
2680,5504.130068355377,1.6754306527079273e-15,3.294540000000001e-19,True
2681,5505.4383492784,1.6233671954555945e-15,3.26364e-19,True
2682,5506.746941167716,1.6647044009087504e-15,3.2990200000000006e-19,True
2683,5508.055844097256,1.6904839999869361e-15,3.26778e-19,True
2684,5509.365058140945,1.6593810249028784e-15,3.2664100000000007e-19,True
2685,5510.674583372729,1.6473689129391559e-15,3.2465599999999995e-19,True
2686,5511.984419866566,1.6194131033413092e-15,3.2522699999999997e-19,True
2687,5513.29456769647,1.5847871212425811e-15,3.2363500000000006e-19,True
2688,5514.605026936403,1.5594215540078123e-15,3.3109399999999996e-19,True
2689,5515.915797660414,1.5158081659518788e-15,3.25323e-19,True
2690,5517.226879942529,1.5267376412623298e-15,3.3122399999999995e-19,True
2691,5518.538273856803,1.5819651834384769e-15,3.284040000000001e-19,True
2692,5519.84997947731,1.5448989968695046e-15,3.2516700000000004e-19,True
2693,5521.161996878127,1.5142752681765365e-15,3.2527200000000006e-19,True
2694,5522.474326133392,1.53810753732542e-15,3.263450000000001e-19,True
2695,5523.786967317201,1.5332738011430919e-15,3.2920000000000014e-19,True
2696,5525.099920503706,1.500476453786158e-15,3.320250000000001e-19,True
2697,5526.413185767066,1.4919266114770267e-15,3.26994e-19,True
2698,5527.726763181461,1.484142274336753e-15,3.329869999999999e-19,True
2699,5529.040652821084,1.514504101939602e-15,3.335299999999999e-19,True
2700,5530.35485476014,1.5283927578917403e-15,3.3292300000000006e-19,True
2701,5531.66936907288,1.5687134853038432e-15,3.3350399999999987e-19,True
2702,5532.98419583353,1.5544971814798147e-15,3.33636e-19,True
2703,5534.299335116387,1.5406684937855192e-15,3.3548700000000005e-19,True
2704,5535.614786995706,1.5641551606886127e-15,3.32059e-19,True
2705,5536.930551545796,1.5698962673477108e-15,3.2741300000000004e-19,True
2706,5538.246628840978,1.5766070239622126e-15,3.2621500000000004e-19,True
2707,5539.563018955578,1.5650320787097538e-15,3.296670000000001e-19,True
2708,5540.879721963969,1.5532726120632318e-15,3.29576e-19,True
2709,5542.196737940505,1.6382917246387225e-15,3.341099999999999e-19,True
2710,5543.514066959604,1.6482781879594968e-15,3.34013e-19,True
2711,5544.831709095635,1.6079162387589319e-15,3.36157e-19,True
2712,5546.149664423061,1.5949984548731973e-15,3.4264100000000002e-19,True
2713,5547.467933016286,1.581632929675788e-15,3.4616e-19,True
2714,5548.786514949801,1.585256171361393e-15,3.4413400000000007e-19,True
2715,5550.1054102980725,1.6004185249939932e-15,3.4066400000000004e-19,True
2716,5551.424619135597,1.6781575607080897e-15,3.4343900000000006e-19,True
2717,5552.744141536888,1.7082215611848212e-15,3.3484299999999994e-19,True
2718,5554.063977576477,1.7391840008611228e-15,3.36296e-19,True
2719,5555.384127328903,1.6886225783119421e-15,3.3501400000000005e-19,True
2720,5556.704590868751,1.6770128884922613e-15,3.4004e-19,True
2721,5558.025368270607,1.6724492559626063e-15,3.305209999999999e-19,True
2722,5559.346459609053,1.6497799558057906e-15,3.31621e-19,True
2723,5560.667864958719,1.6271415308367315e-15,3.3326000000000007e-19,True
2724,5561.989584394232,1.5660628817727524e-15,3.3513799999999994e-19,True
2725,5563.311617990268,1.5620532342206334e-15,3.3322400000000007e-19,True
2726,5564.633965821479,1.5996596564026788e-15,3.3977900000000006e-19,True
2727,5565.956627962586,1.5493559715394042e-15,3.3597000000000004e-19,True
2728,5567.279604488259,1.5018888411401066e-15,3.3793400000000006e-19,True
2729,5568.602895473252,1.5253348371953816e-15,3.363209999999999e-19,True
2730,5569.926500992301,1.5299417019635433e-15,3.3636799999999983e-19,True
2731,5571.250421120177,1.5331089270895493e-15,3.36832e-19,True
2732,5572.574655931639,1.5621804056862352e-15,3.371489999999999e-19,True
2733,5573.899205501486,1.587437916624975e-15,3.3818e-19,True
2734,5575.224069904542,1.6364115239994727e-15,3.3699600000000004e-19,True
2735,5576.549249215651,1.6308060761937965e-15,3.40644e-19,True
2736,5577.874743509652,1.5865749270900347e-15,3.4002799999999993e-19,True
2737,5579.2005528614245,1.5412992836641898e-15,3.38224e-19,True
2738,5580.526677345835,1.5058569347594885e-15,3.4204600000000007e-19,True
2739,5581.853117037798,1.6105909471020022e-15,3.420600000000001e-19,True
2740,5583.179872012225,1.6260686187135801e-15,3.3992700000000012e-19,True
2741,5584.506942344065,1.639990542827935e-15,3.3896500000000013e-19,True
2742,5585.834328108296,1.6144755417646303e-15,3.34435e-19,True
2743,5587.162029379864,1.5969483165416223e-15,3.34577e-19,True
2744,5588.490046233772,1.5859566639716199e-15,3.35244e-19,True
2745,5589.81837874502,1.5582842029472616e-15,3.33641e-19,True
2746,5591.147026988658,1.4913224912507463e-15,3.3871000000000005e-19,True
2747,5592.4759910397215,1.5375187987749495e-15,3.3923800000000003e-19,True
2748,5593.8052709732765,1.5641947668306251e-15,3.35689e-19,True
2749,5595.134866864405,1.5173979846535129e-15,3.3445700000000003e-19,True
2750,5596.464778788196,1.507343191466271e-15,3.3492400000000003e-19,True
2751,5597.795006819789,1.4889733604584678e-15,3.3247300000000005e-19,True
2752,5599.125551034318,1.5352520509367229e-15,3.33649e-19,True
2753,5600.456411506919,1.554580088161644e-15,3.3679499999999995e-19,True
2754,5601.787588312763,1.4666033842489573e-15,3.3529500000000004e-19,True
2755,5603.119081527068,1.5280596306866743e-15,3.30246e-19,True
2756,5604.450891225003,1.6291233620974247e-15,3.3345499999999996e-19,True
2757,5605.783017481824,1.540452931862121e-15,3.2957399999999985e-19,True
2758,5607.115460372761,1.5074353202195463e-15,3.3355699999999995e-19,True
2759,5608.448219973077,1.5068565710966222e-15,3.3280399999999995e-19,True
2760,5609.781296358052,1.5242366099301595e-15,3.281330000000001e-19,True
2761,5611.114689602981,1.546973030590386e-15,3.17761e-19,True
2762,5612.448399783179,1.5550384967474243e-15,3.0663700000000006e-19,True
2763,5613.782426973979,1.5630719719258152e-15,3.2785599999999996e-19,True
2764,5615.116771250722,1.5995252302358917e-15,3.28502e-19,True
2765,5616.451432688795,1.6134548975118768e-15,3.2692499999999995e-19,True
2766,5617.786411363575,1.6276320832531395e-15,3.26672e-19,True
2767,5619.121707350467,1.5772121464036368e-15,3.3135499999999994e-19,True
2768,5620.457320724882,1.5760052916486649e-15,3.3071899999999997e-19,True
2769,5621.793251562281,1.6057095220520642e-15,3.2605999999999997e-19,True
2770,5623.129499938111,1.6104567018245613e-15,3.2691600000000006e-19,True
2771,5624.466065927848,1.6140850938328622e-15,3.3511100000000007e-19,True
2772,5625.802949606988,1.607754702031844e-15,3.3381100000000003e-19,True
2773,5627.1401510510295,1.5946403123285272e-15,3.30121e-19,True
2774,5628.477670335525,1.562424374017374e-15,3.33464e-19,True
2775,5629.815507536021,1.592276646771279e-15,3.2707999999999997e-19,True
2776,5631.153662728064,1.6091600571777875e-15,3.30816e-19,True
2777,5632.492135987246,1.6019462499142782e-15,3.3333399999999996e-19,True
2778,5633.830927389171,1.5866891264742206e-15,3.4069300000000004e-19,True
2779,5635.170037009447,1.559398174596886e-15,3.3451900000000005e-19,True
2780,5636.509464923742,1.5587084254954156e-15,3.31874e-19,True
2781,5637.849211207671,1.5633197248001e-15,3.3323899999999997e-19,True
2782,5639.189275936938,1.6215222033697016e-15,3.3542199999999996e-19,True
2783,5640.529659187215,1.619250887650455e-15,3.43398e-19,True
2784,5641.870361034241,1.6164267058288273e-15,3.4471100000000015e-19,True
2785,5643.211381553713,1.6074783584461063e-15,3.6290799999999986e-19,True
2786,5644.552720821377,1.5574681570026622e-15,3.97125e-19,True
2787,5645.894378913017,1.4950225987405947e-15,4.35688e-19,True
2788,5647.236355904404,1.5364127744368148e-15,4.70925e-19,True
2789,5648.578651871328,1.6110683710309279e-15,4.94046e-19,True
2790,5649.921266889625,1.5397512053861417e-15,5.11248e-19,True
2791,5651.264201035133,1.6477494598046438e-15,5.271620000000003e-19,True
2792,5652.607454383683,1.545788145272991e-15,5.16816e-19,True
2793,5653.951027011159,1.5599261853548515e-15,5.077659999999999e-19,True
2794,5655.294918993439,1.61746202412629e-15,4.908490000000002e-19,True
2795,5656.639130406461,1.5162392925441804e-15,4.61963e-19,True
2796,5657.983661326121,1.5865125682281696e-15,4.295869999999999e-19,True
2797,5659.328511828363,1.6636783535048971e-15,4.0207600000000012e-19,True
2798,5660.6736819891685,1.596672394478718e-15,3.887589999999999e-19,True
2799,5662.019171884497,1.5984188904011851e-15,3.775389999999999e-19,True
2800,5663.364981590378,1.6160200245872565e-15,3.76799e-19,True
2801,5664.711111182796,1.723317495683851e-15,3.75825e-19,True
2802,5666.057560737795,1.6590677418494124e-15,3.7597899999999986e-19,True
2803,5667.404330331418,1.6104940837715131e-15,3.6074799999999995e-19,True
2804,5668.751420039755,1.6195943862193845e-15,3.52422e-19,True
2805,5670.098829938875,1.505447812087917e-15,3.4157999999999997e-19,True
2806,5671.446560104902,1.5831895061512564e-15,3.4114400000000005e-19,True
2807,5672.794610613963,1.6124928799040875e-15,3.401510000000001e-19,True
2808,5674.14298154217,1.4789232271197146e-15,3.3565999999999995e-19,True
2809,5675.4916729657125,1.4912712065944063e-15,3.39736e-19,True
2810,5676.840684960761,1.5561807289135705e-15,3.38541e-19,True
2811,5678.190017603511,1.4562982597190509e-15,3.424680000000001e-19,True
2812,5679.539670970188,1.5469410670644879e-15,3.3650499999999997e-19,True
2813,5680.889645136995,1.5799235962006043e-15,3.3823399999999997e-19,True
2814,5682.239940180214,1.5370441156451794e-15,3.4124600000000004e-19,True
2815,5683.590556176103,1.5963477409890233e-15,3.5927799999999994e-19,True
2816,5684.94149320095,1.554385953062144e-15,3.856269999999999e-19,True
2817,5686.292751331052,1.5821303574379779e-15,4.377589999999998e-19,True
2818,5687.644330642761,1.598376065216737e-15,4.837219999999999e-19,True
2819,5688.996231212379,1.5726252249828604e-15,5.141620000000001e-19,True
2820,5690.348453116298,1.5629181220829686e-15,5.22943e-19,True
2821,5691.700996430873,1.6066891487021067e-15,5.08502e-19,True
2822,5693.053861232523,1.602117896987464e-15,4.775629999999999e-19,True
2823,5694.407047597651,1.661924836121559e-15,4.4697999999999995e-19,True
2824,5695.760555602691,1.6128428006103585e-15,4.190700000000001e-19,True
2825,5697.114385324103,1.6135826343179438e-15,4.1088899999999994e-19,True
2826,5698.468536838336,1.5957751657296643e-15,4.099999999999998e-19,True
2827,5699.823010221877,1.616939299063825e-15,4.132300000000001e-19,True
2828,5701.177805551252,1.639002941186632e-15,4.08616e-19,True
2829,5702.532922902974,1.6421497248552755e-15,3.8497899999999997e-19,True
2830,5703.888362353575,1.6246332044917653e-15,3.719019999999999e-19,True
2831,5705.244123979635,1.6301397557938182e-15,3.5660400000000006e-19,True
2832,5706.600207857722,1.6496986474068312e-15,3.5573900000000004e-19,True
2833,5707.956614064433,1.563381441503903e-15,3.5266899999999993e-19,True
2834,5709.313342676381,1.545407435435807e-15,3.5589800000000003e-19,True
2835,5710.67039377021,1.6003819876220757e-15,3.5732100000000007e-19,True
2836,5712.027767422541,1.5915437300283076e-15,3.5927599999999996e-19,True
2837,5713.385463710061,1.5580288599535191e-15,3.5725e-19,True
2838,5714.743482709481,1.5852189551147672e-15,3.581380000000001e-19,True
2839,5716.101824497465,1.5765668890762246e-15,3.545840000000002e-19,True
2840,5717.460489150765,1.586070289603876e-15,3.65197e-19,True
2841,5718.819476746116,1.6383861434402823e-15,3.7364699999999995e-19,True
2842,5720.178787360278,1.6302776328725038e-15,3.8267999999999994e-19,True
2843,5721.538421070028,1.6565971586544031e-15,3.85246e-19,True
2844,5722.898377952162,1.7031228979006157e-15,3.8245100000000003e-19,True
2845,5724.258658083489,1.6576605040538662e-15,3.756990000000001e-19,True
2846,5725.619261540859,1.5562049846350136e-15,3.6285800000000005e-19,True
2847,5726.980188401114,1.5732858599613104e-15,3.473040000000001e-19,True
2848,5728.341438741136,1.5725387458722793e-15,3.45284e-19,True
2849,5729.70301263779,1.6017595215460653e-15,3.5891899999999994e-19,True
2850,5731.0649101679855,1.5745825579583765e-15,3.8361700000000005e-19,True
2851,5732.427131408675,1.549614429063126e-15,4.22596e-19,True
2852,5733.789676436763,1.5731349888988108e-15,4.49241e-19,True
2853,5735.15254532924,1.629051403701717e-15,4.6641899999999995e-19,True
2854,5736.515738163075,1.5895059798236148e-15,4.693180000000001e-19,True
2855,5737.8792550152575,1.6190118055881888e-15,4.534370000000001e-19,True
2856,5739.243095962822,1.682078601921822e-15,4.136149999999999e-19,True
2857,5740.607261082794,1.5548920306073027e-15,3.7243199999999997e-19,True
2858,5741.971750452236,1.6257105802877909e-15,3.44575e-19,True
2859,5743.336564148199,1.643420028070296e-15,3.31661e-19,True
2860,5744.701702247772,1.5913287155004344e-15,3.4182699999999995e-19,True
2861,5746.067164828084,1.6393588788867404e-15,3.5076899999999996e-19,True
2862,5747.43295196624,1.646989081994215e-15,3.7020300000000004e-19,True
2863,5748.799063739404,1.6012510329210458e-15,3.8396600000000007e-19,True
2864,5750.165500224731,1.5776344141202195e-15,3.9215600000000003e-19,True
2865,5751.532261499399,1.6020802993717856e-15,3.9296200000000006e-19,True
2866,5752.89934764061,1.6496852983318523e-15,3.8312700000000007e-19,True
2867,5754.266758725591,1.6395547673879963e-15,3.6676699999999993e-19,True
2868,5755.634494831547,1.6796973223464931e-15,3.4271599999999995e-19,True
2869,5757.0025560357535,1.6302601514444082e-15,3.43557e-19,True
2870,5758.370942415504,1.6298793990405502e-15,3.58706e-19,True
2871,5759.739654048059,1.6724815697500704e-15,4.0168100000000013e-19,True
2872,5761.108691010737,1.67997569617478e-15,4.449540000000002e-19,True
2873,5762.478053380857,1.677913499896529e-15,4.76326e-19,True
2874,5763.847741235797,1.6802322019561201e-15,4.84834e-19,True
2875,5765.217754652889,1.6490077067641083e-15,4.832499999999999e-19,True
2876,5766.588093709517,1.6167362889183686e-15,4.522890000000001e-19,True
2877,5767.958758483092,1.6299897145731751e-15,4.160299999999999e-19,True
2878,5769.329749051047,1.6606589153906276e-15,3.811099999999999e-19,True
2879,5770.701065490806,1.6653702450522502e-15,3.46304e-19,True
2880,5772.072707879839,1.6269585507146401e-15,3.3459199999999994e-19,True
2881,5773.4446762956,1.5727762063681215e-15,3.25798e-19,True
2882,5774.816970815581,1.588934480883462e-15,3.27662e-19,True
2883,5776.189591517326,1.5898260564969757e-15,3.2816100000000003e-19,True
2884,5777.562538478324,1.5893097439831753e-15,3.2338000000000004e-19,True
2885,5778.935811776146,1.6784803573731904e-15,3.3310699999999984e-19,True
2886,5780.309411488366,1.6198751086920222e-15,3.5098399999999996e-19,True
2887,5781.683337692573,1.608579484062939e-15,3.6698900000000003e-19,True
2888,5783.057590466349,1.60420266859149e-15,3.856230000000001e-19,True
2889,5784.432169887328,1.5858889160924278e-15,3.8930399999999995e-19,True
2890,5785.807076033149,1.619719693385818e-15,3.827109999999999e-19,True
2891,5787.182308981463,1.6393205272147186e-15,3.69813e-19,True
2892,5788.557868809969,1.5724387257092215e-15,3.564900000000001e-19,True
2893,5789.93375559634,1.5462828732723875e-15,3.4311500000000007e-19,True
2894,5791.309969418325,1.5293393141301227e-15,3.5729999999999997e-19,True
2895,5792.686510353613,1.4802067838921575e-15,3.8369599999999996e-19,True
2896,5794.063378479999,1.4856148696558823e-15,4.2284399999999997e-19,True
2897,5795.440573875223,1.5248862269841283e-15,4.529220000000001e-19,True
2898,5796.818096617083,1.5432890266670456e-15,4.56152e-19,True
2899,5798.195946783386,1.5824239197330614e-15,4.52214e-19,True
2900,5799.574124451949,1.5686640674033188e-15,4.23289e-19,True
2901,5800.952629700634,1.6332659555983608e-15,3.9268100000000007e-19,True
2902,5802.331462607296,1.5982305547419599e-15,3.58575e-19,True
2903,5803.710623249805,1.5518724475598645e-15,3.3333499999999995e-19,True
2904,5805.090111706093,1.5662275866601103e-15,3.2347400000000003e-19,True
2905,5806.469928054045,1.6398091945007318e-15,3.2020500000000005e-19,True
2906,5807.85007237161,1.6250000543663958e-15,3.2532000000000007e-19,True
2907,5809.230544736733,1.5991743903620739e-15,3.1978500000000003e-19,True
2908,5810.611345227407,1.621791480082704e-15,3.18729e-19,True
2909,5811.992473921616,1.6945593588634169e-15,3.170899999999999e-19,True
2910,5813.373930897369,1.7586336295764029e-15,3.1807700000000007e-19,True
2911,5814.755716232697,1.6626832367186414e-15,3.2186099999999997e-19,True
2912,5816.137830005637,1.70612677762572e-15,3.1956399999999997e-19,True
2913,5817.520272294277,1.6552863991728064e-15,3.199129999999999e-19,True
2914,5818.903043176701,1.6719689452882892e-15,3.324059999999999e-19,True
2915,5820.286142730983,1.6374065489956161e-15,3.48048e-19,True
2916,5821.669571035275,1.618272798723416e-15,3.60178e-19,True
2917,5823.053328167698,1.5414317354194282e-15,3.59696e-19,True
2918,5824.437414206443,1.5868288325709726e-15,3.6012900000000006e-19,True
2919,5825.821829229655,1.6138161318530987e-15,3.5905099999999997e-19,True
2920,5827.206573315532,1.6069190499123294e-15,3.4471299999999994e-19,True
2921,5828.591646542321,1.6187629862047767e-15,3.44981e-19,True
2922,5829.977048988222,1.6346978216009758e-15,3.5735300000000005e-19,True
2923,5831.362780731501,1.5951371120029808e-15,3.8274599999999997e-19,True
2924,5832.748841850416,1.6334979103442727e-15,3.9631700000000004e-19,True
2925,5834.135232423268,1.6863151130619623e-15,4.0692200000000007e-19,True
2926,5835.521952528376,1.616444246931256e-15,4.077300000000001e-19,True
2927,5836.909002244055,1.6574919365126168e-15,3.9419000000000006e-19,True
2928,5838.296381648651,1.6431365775038596e-15,3.6717e-19,True
2929,5839.684090820529,1.6130023241577194e-15,3.427399999999999e-19,True
2930,5841.07212983807,1.6319537643805041e-15,3.266199999999999e-19,True
2931,5842.4604987796765,1.5823374190439636e-15,3.20072e-19,True
2932,5843.849197723768,1.6071857223731557e-15,3.1747599999999996e-19,True
2933,5845.238226748784,1.6191490467236008e-15,3.15264e-19,True
2934,5846.627585933179,1.6190899525852276e-15,3.1597599999999996e-19,True
2935,5848.017275355432,1.6126668018124076e-15,3.19114e-19,True
2936,5849.407295094035,1.5987592523935007e-15,3.19279e-19,True
2937,5850.797645227503,1.5590464437375029e-15,3.1601700000000007e-19,True
2938,5852.188325834367,1.6350211414773356e-15,3.1602800000000005e-19,True
2939,5853.579336993178,1.6541529874719449e-15,3.1239100000000013e-19,True
2940,5854.970678782493,1.6966707868642007e-15,3.1506900000000008e-19,True
2941,5856.362351280923,1.6760142363864984e-15,3.15445e-19,True
2942,5857.754354567062,1.6767611980636234e-15,3.1538300000000004e-19,True
2943,5859.146688719527,1.6311378751650687e-15,3.1474300000000005e-19,True
2944,5860.53935381698,1.6569142714265407e-15,3.16898e-19,True
2945,5861.932349938076,1.6259840615395353e-15,3.1893700000000003e-19,True
2946,5863.325677161494,1.6222017601997732e-15,3.30294e-19,True
2947,5864.719335565946,1.548309018783891e-15,3.35262e-19,True
2948,5866.113325230118,1.551278671069612e-15,3.3934e-19,True
2949,5867.50764623278,1.5936109346808836e-15,3.45133e-19,True
2950,5868.902298652665,1.6591989626364051e-15,3.4288300000000013e-19,True
2951,5870.297282568582,1.6530873560448773e-15,3.3682099999999997e-19,True
2952,5871.692598059292,1.652870161540471e-15,3.3619599999999997e-19,True
2953,5873.088245203607,1.6859618384198082e-15,3.432760000000001e-19,True
2954,5874.484224080379,1.6563462107941884e-15,3.5544000000000007e-19,True
2955,5875.880534768447,1.6555370038706372e-15,3.6604100000000003e-19,True
2956,5877.27717734668,1.6693282008553015e-15,3.690119999999999e-19,True
2957,5878.674151893955,1.646016397405382e-15,3.6777100000000003e-19,True
2958,5880.071458489198,1.6375472026095865e-15,3.55038e-19,True
2959,5881.469097211335,1.6639500550737707e-15,3.452420000000001e-19,True
2960,5882.867068139278,1.6897243448147782e-15,3.285510000000001e-19,True
2961,5884.2653713520185,1.6708621836059279e-15,3.16456e-19,True
2962,5885.664006928529,1.6514801604281311e-15,3.13114e-19,True
2963,5887.062974947809,1.5538604595812378e-15,3.1376500000000006e-19,True
2964,5888.462275488877,1.6689700663474095e-15,3.130420000000001e-19,True
2965,5889.861908630771,1.6222563931774963e-15,3.1524199999999993e-19,True
2966,5891.261874452534,1.5282785090259415e-15,3.1486400000000005e-19,True
2967,5892.662173033266,1.532072379684831e-15,3.084269999999999e-19,True
2968,5894.062804452058,1.6208937864394863e-15,3.1146399999999994e-19,True
2969,5895.463768788002,1.6167343462587492e-15,3.110360000000001e-19,True
2970,5896.86506612024,1.6179971653187544e-15,3.11052e-19,True
2971,5898.266696527922,1.6722472889502263e-15,3.134500000000001e-19,True
2972,5899.668660090207,1.6236791335855883e-15,3.15111e-19,True
2973,5901.070956886303,1.6324552529841923e-15,3.184400000000001e-19,True
2974,5902.473586995408,1.6912331581746795e-15,3.1900799999999994e-19,True
2975,5903.876550496733,1.6868979853983103e-15,3.2442299999999997e-19,True
2976,5905.279847469547,1.6929910665678683e-15,3.3197000000000005e-19,True
2977,5906.683477993101,1.6765365649882855e-15,3.3255299999999995e-19,True
2978,5908.087442146678,1.630091385039553e-15,3.352330000000001e-19,True
2979,5909.4917400095765,1.6732818306985175e-15,3.3526699999999994e-19,True
2980,5910.896371661119,1.6472016829375718e-15,3.3830900000000005e-19,True
2981,5912.301337180631,1.5423126901592492e-15,3.4351999999999995e-19,True
2982,5913.706636647493,1.6067939596118703e-15,3.505819999999999e-19,True
2983,5915.11227014108,1.5921896700903755e-15,3.56853e-19,True
2984,5916.518237740755,1.6018981599674794e-15,3.5781800000000006e-19,True
2985,5917.924539525964,1.5891477339286565e-15,3.5955899999999994e-19,True
2986,5919.331175576141,1.6054844052351521e-15,3.54855e-19,True
2987,5920.738145970715,1.6091832377332e-15,3.5367499999999997e-19,True
2988,5922.145450789157,1.5786265294137336e-15,3.5893e-19,True
2989,5923.553090110967,1.6233195748849415e-15,3.56619e-19,True
2990,5924.961064015675,1.6493867924020197e-15,3.6300600000000007e-19,True
2991,5926.369372582776,1.7379151486009537e-15,3.7111099999999997e-19,True
2992,5927.778015891818,1.6720012785905141e-15,3.72001e-19,True
2993,5929.186994022383,1.7014835626215182e-15,3.7139599999999993e-19,True
2994,5930.596307054049,1.7110982800231667e-15,3.62844e-19,True
2995,5932.005955066416,1.745882845041886e-15,3.49803e-19,True
2996,5933.415938139107,1.7489778493085597e-15,3.3965000000000006e-19,True
2997,5934.826256351753,1.7330320223852078e-15,3.30716e-19,True
2998,5936.236909784033,1.7459171334201198e-15,3.2566399999999993e-19,True
2999,5937.6478985156255,1.7425285582076244e-15,3.2215100000000005e-19,True
3000,5939.059222626198,1.6756186762843196e-15,3.24439e-19,True
3001,5940.470882195498,1.6531900190147288e-15,3.2744599999999997e-19,True
3002,5941.88287730326,1.6619852128587675e-15,3.30431e-19,True
3003,5943.295208029209,1.6824383440519494e-15,3.27679e-19,True
3004,5944.707874453137,1.665573123630849e-15,3.2180299999999997e-19,True
3005,5946.120876654848,1.6760642002625375e-15,3.21912e-19,True
3006,5947.534214714154,1.7072177233782712e-15,3.1843799999999996e-19,True
3007,5948.947888710863,1.7284584843317732e-15,3.1973600000000007e-19,True
3008,5950.361898724824,1.7523229379214329e-15,3.2172999999999993e-19,True
3009,5951.776244835937,1.7585490573998578e-15,3.1751500000000004e-19,True
3010,5953.190927124058,1.7512163863990704e-15,3.1590100000000003e-19,True
3011,5954.605945669094,1.7148020709441697e-15,3.157660000000001e-19,True
3012,5956.02130055099,1.6760721880304542e-15,3.156049999999999e-19,True
3013,5957.43699184968,1.6510549133044738e-15,3.14453e-19,True
3014,5958.853019645117,1.691165109591422e-15,3.1468000000000004e-19,True
3015,5960.269384017303,1.712810277882205e-15,3.1040400000000007e-19,True
3016,5961.686085046241,1.6561916758067567e-15,3.1386300000000003e-19,True
3017,5963.103122811918,1.7001603256332937e-15,3.14931e-19,True
3018,5964.5204973944055,1.7440867015782321e-15,3.1563699999999997e-19,True
3019,5965.938208873751,1.6765057209844727e-15,3.1803600000000006e-19,True
3020,5967.356257330032,1.6576335955872066e-15,3.232339999999999e-19,True
3021,5968.774642843346,1.6145136872865396e-15,3.2316799999999997e-19,True
3022,5970.193365493795,1.7272400065814224e-15,3.2368600000000015e-19,True
3023,5971.612425361547,1.70684665269842e-15,3.3579700000000014e-19,True
3024,5973.031822526724,1.706098018048952e-15,3.5316500000000007e-19,True
3025,5974.4515570694975,1.7362339014491545e-15,3.7470200000000015e-19,True
3026,5975.87162907009,1.673666359715487e-15,3.9708899999999997e-19,True
3027,5977.292038608673,1.71984839503369e-15,4.079639999999999e-19,True
3028,5978.712785765504,1.7393294006091013e-15,4.1534800000000003e-19,True
3029,5980.1338706208135,1.7065778908717966e-15,4.05438e-19,True
3030,5981.5552932549,1.7020150690959552e-15,3.907869999999999e-19,True
3031,5982.977053748018,1.6850247494070963e-15,3.7039299999999987e-19,True
3032,5984.399152180474,1.6666439468648748e-15,3.5570699999999997e-19,True
3033,5985.821588632625,1.614748591355636e-15,3.500319999999999e-19,True
3034,5987.244363184774,1.6983884534104887e-15,3.477e-19,True
3035,5988.667475917313,1.6214994814885089e-15,3.378230000000001e-19,True
3036,5990.090926910616,1.5729994538839869e-15,3.3313399999999995e-19,True
3037,5991.514716245073,1.6066501197704434e-15,3.2605700000000004e-19,True
3038,5992.938844001138,1.6193071963141186e-15,3.21452e-19,True
3039,5994.363310259206,1.5593978926276375e-15,3.2292299999999997e-19,True
3040,5995.788115099779,1.5891545386921861e-15,3.2282900000000007e-19,True
3041,5997.213258603304,1.5918859697387212e-15,3.2483300000000006e-19,True
3042,5998.638740850288,1.6109514368562268e-15,3.2577000000000004e-19,True
3043,6000.064561921247,1.620738076138133e-15,3.2212700000000006e-19,True
3044,6001.4907218967055,1.6381718802153417e-15,3.2079e-19,True
3045,6002.917220857241,1.6700953399500124e-15,3.16623e-19,True
3046,6004.344058883414,1.7125272748416515e-15,3.1294299999999994e-19,True
3047,6005.771236055818,1.70418624169497e-15,3.1342500000000003e-19,True
3048,6007.198752455066,1.7708836128085888e-15,3.15362e-19,True
3049,6008.626608161789,1.7409394798707715e-15,3.138970000000001e-19,True
3050,6010.054803256636,1.7264504735007312e-15,3.15175e-19,True
3051,6011.483337820267,1.6504043603155526e-15,3.153200000000001e-19,True
3052,6012.912211933391,1.7480052798301285e-15,3.1779700000000003e-19,True
3053,6014.341425676694,1.7523542326896284e-15,3.24137e-19,True
3054,6015.770979130936,1.7455620307388477e-15,3.279510000000001e-19,True
3055,6017.200872376821,1.7165149327825712e-15,3.34508e-19,True
3056,6018.631105495157,1.6955751792462e-15,3.2805000000000006e-19,True
3057,6020.061678566683,1.7620260032037997e-15,3.2960900000000005e-19,True
3058,6021.49259167225,1.7035869706857847e-15,3.2840699999999997e-19,True
3059,6022.923844892644,1.7149796679867001e-15,3.26503e-19,True
3060,6024.355438308711,1.7310912359536534e-15,3.17343e-19,True
3061,6025.787372001333,1.7076104407008385e-15,3.2085500000000003e-19,True
3062,6027.219646051368,1.658848975266646e-15,3.2460399999999996e-19,True
3063,6028.652260539749,1.7042722369061715e-15,3.2867e-19,True
3064,6030.085215547361,1.7309823594349468e-15,3.37301e-19,True
3065,6031.518511155156,1.7067570142278725e-15,3.57499e-19,True
3066,6032.952147444089,1.7521670294576828e-15,3.7237199999999994e-19,True
3067,6034.386124495128,1.7103989424759375e-15,3.8410599999999995e-19,True
3068,6035.8204423892885,1.6978674858762635e-15,3.928980000000001e-19,True
3069,6037.2551012075655,1.7698454242909976e-15,3.88107e-19,True
3070,6038.690101031015,1.7659392392894282e-15,3.6520999999999997e-19,True
3071,6040.1254419406905,1.7356405693773107e-15,3.5067e-19,True
3072,6041.561124017643,1.7307454043232392e-15,3.3281200000000004e-19,True
3073,6042.997147342966,1.6701274791657248e-15,3.213750000000001e-19,True
3074,6044.433511997792,1.7535215848033396e-15,3.1550299999999996e-19,True
3075,6045.870218063241,1.7101325401603667e-15,3.2025799999999994e-19,True
3076,6047.307265620463,1.718042245107788e-15,3.2074200000000006e-19,True
3077,6048.744654750618,1.7110518685831334e-15,3.276129999999999e-19,True
3078,6050.182385534925,1.732971963845858e-15,3.3835300000000004e-19,True
3079,6051.620458054561,1.76305709080606e-15,3.43827e-19,True
3080,6053.058872390764,1.7295910414362593e-15,3.4948799999999993e-19,True
3081,6054.497628624769,1.7412904097927848e-15,3.4687399999999994e-19,True
3082,6055.936726837876,1.7404125314391662e-15,3.377209999999999e-19,True
3083,6057.376167111325,1.6913840695671804e-15,3.30221e-19,True
3084,6058.8159495264445,1.6563375641004426e-15,3.338830000000001e-19,True
3085,6060.256074164568,1.636667656141566e-15,3.5507100000000004e-19,True
3086,6061.696541107038,1.736857356241888e-15,3.958209999999999e-19,True
3087,6063.137350435186,1.6568218298482291e-15,4.627459999999998e-19,True
3088,6064.578502230425,1.6828540181035101e-15,5.439540000000001e-19,True
3089,6066.019996574147,1.6501142492151543e-15,6.241080000000001e-19,True
3090,6067.461833547782,1.6482603956917198e-15,7.059520000000002e-19,True
3091,6068.904013232738,1.5839197336508372e-15,7.767359999999999e-19,True
3092,6070.346535710508,1.6115469034454359e-15,8.48669e-19,True
3093,6071.789401062547,1.6827435655867371e-15,8.79384e-19,True
3094,6073.232609370376,1.5917000867760472e-15,8.87657e-19,True
3095,6074.676160715501,1.6281141469822451e-15,9.01308e-19,True
3096,6076.120055179471,1.66349470332979e-15,8.61441e-19,True
3097,6077.564292843819,1.6411543905956464e-15,8.156290000000001e-19,True
3098,6079.008873790121,1.62233730089227e-15,8.125520000000001e-19,True
3099,6080.453798099993,1.6608353428914729e-15,7.55184e-19,True
3100,6081.899065855039,1.6956753502371383e-15,7.04431e-19,True
3101,6083.344677136883,1.679610300773922e-15,6.589599999999999e-19,True
3102,6084.790632027199,1.753408516337745e-15,6.050029999999998e-19,True
3103,6086.236930607648,1.786304174437441e-15,5.5402100000000005e-19,True
3104,6087.6835729599225,1.876370419971232e-15,5.150329999999999e-19,True
3105,6089.130559165734,1.830045237788853e-15,4.638239999999999e-19,True
3106,6090.577889306813,1.7642828360406356e-15,4.3013500000000013e-19,True
3107,6092.02556346491,1.8336067957672714e-15,4.1383799999999995e-19,True
3108,6093.473581721795,1.6922656834671868e-15,4.1092599999999994e-19,True
3109,6094.921944159258,1.7053289297876984e-15,4.3282399999999996e-19,True
3110,6096.370650859105,1.7123278891964779e-15,4.571620000000001e-19,True
3111,6097.819701903154,1.630468150325991e-15,4.946370000000001e-19,True
3112,6099.269097373287,1.6296207361877937e-15,5.2792e-19,True
3113,6100.718837351335,1.5822729317233884e-15,5.69163e-19,True
3114,6102.168921919199,1.435065885709683e-15,5.85794e-19,True
3115,6103.619351158771,1.369155462591584e-15,6.062660000000001e-19,True
3116,6105.070125151988,1.2796958297815644e-15,5.984949999999999e-19,True
3117,6106.521243980806,1.2464833850071969e-15,5.830379999999999e-19,True
3118,6107.972707727188,1.1715701050979515e-15,5.57609e-19,True
3119,6109.424516473087,1.168861831283855e-15,5.31617e-19,True
3120,6110.876670300549,1.2407799870372461e-15,5.1705e-19,True
3121,6112.329169291564,1.251727712773816e-15,4.988920000000001e-19,True
3122,6113.7820135281845,1.370253259053386e-15,4.798460000000001e-19,True
3123,6115.235203092473,1.4194507048538605e-15,4.827039999999999e-19,True
3124,6116.688738066498,1.4846140274910797e-15,4.840450000000002e-19,True
3125,6118.142618532385,1.5667736085670773e-15,4.709629999999999e-19,True
3126,6119.596844572242,1.5529119384321096e-15,4.662469999999999e-19,True
3127,6121.051416268197,1.6420212772042312e-15,4.460160000000001e-19,True
3128,6122.506333702431,1.6376187033608372e-15,4.42045e-19,True
3129,6123.961596957114,1.649064373928522e-15,4.41766e-19,True
3130,6125.417206114442,1.6436868453300812e-15,4.342769999999999e-19,True
3131,6126.873161256634,1.653606330325179e-15,4.2164899999999995e-19,True
3132,6128.329462465917,1.6541428470487506e-15,4.2157e-19,True
3133,6129.786109824568,1.6352071123768856e-15,4.227800000000001e-19,True
3134,6131.243103414865,1.6337890252695812e-15,4.15124e-19,True
3135,6132.700443319071,1.6774425253056702e-15,4.1432999999999997e-19,True
3136,6134.1581296195445,1.689723566377056e-15,4.0639200000000006e-19,True
3137,6135.616162398589,1.681240280893239e-15,4.0227400000000014e-19,True
3138,6137.07454173857,1.7064141179818758e-15,3.946240000000001e-19,True
3139,6138.53326772185,1.6274671325607864e-15,3.7980800000000004e-19,True
3140,6139.992340430846,1.6497511798031796e-15,3.7839400000000004e-19,True
3141,6141.4517599479495,1.681380484288812e-15,3.86489e-19,True
3142,6142.911526355614,1.6658971240330905e-15,3.8910899999999995e-19,True
3143,6144.371639736283,1.6679955604825952e-15,3.8381800000000015e-19,True
3144,6145.83210017244,1.6659825595391974e-15,3.8021099999999993e-19,True
3145,6147.2929077465415,1.6568086289817218e-15,3.7269300000000005e-19,True
3146,6148.754062541134,1.6527652258007105e-15,3.70012e-19,True
3147,6150.215564638737,1.630747590124621e-15,3.653810000000001e-19,True
3148,6151.67741412189,1.6374922499657012e-15,3.545199999999999e-19,True
3149,6153.139611073187,1.6850356350169454e-15,3.4764e-19,True
3150,6154.602155575215,1.6944475111475613e-15,3.4357400000000003e-19,True
3151,6156.065047710565,1.7022306058585224e-15,3.43553e-19,True
3152,6157.528287561873,1.6903995341452774e-15,3.41856e-19,True
3153,6158.991875211792,1.644936392844962e-15,3.39744e-19,True
3154,6160.4558107429775,1.6766636119395467e-15,3.3835399999999994e-19,True
3155,6161.92009423814,1.6346817531243706e-15,3.371910000000001e-19,True
3156,6163.384725779976,1.670047712999197e-15,3.36044e-19,True
3157,6164.849705451215,1.6786370278537577e-15,3.3346499999999994e-19,True
3158,6166.3150333346,1.7017711453924617e-15,3.28329e-19,True
3159,6167.780709512902,1.7320168521191753e-15,3.325020000000001e-19,True
3160,6169.2467340689045,1.690176215164686e-15,3.346970000000001e-19,True
3161,6170.713107085405,1.6299176052044837e-15,3.35347e-19,True
3162,6172.1798286452495,1.6721878518262136e-15,3.3928900000000007e-19,True
3163,6173.646898831274,1.7058160689253893e-15,3.3706199999999994e-19,True
3164,6175.114317726342,1.7033069319407193e-15,3.373800000000001e-19,True
3165,6176.582085413329,1.7100843565765204e-15,3.35813e-19,True
3166,6178.050201975161,1.6708006217399869e-15,3.3973900000000004e-19,True
3167,6179.518667494764,1.6680322708299158e-15,3.3566000000000005e-19,True
3168,6180.987482055056,1.6999424260575155e-15,3.4080000000000005e-19,True
3169,6182.456645739016,1.6942028371241785e-15,3.3765200000000003e-19,True
3170,6183.926158629624,1.6928661091727326e-15,3.3613700000000003e-19,True
3171,6185.396020809875,1.6751655054082365e-15,3.3520899999999975e-19,True
3172,6186.866232362801,1.7116770835463261e-15,3.41182e-19,True
3173,6188.336793371469,1.7141525563298702e-15,3.49483e-19,True
3174,6189.807703918895,1.717298575771499e-15,3.475260000000001e-19,True
3175,6191.278964088206,1.7203683605712632e-15,3.4881800000000005e-19,True
3176,6192.75057396247,1.7197797841460986e-15,3.47124e-19,True
3177,6194.22253362481,1.7261480315287982e-15,3.37614e-19,True
3178,6195.69484315839,1.7295212054015268e-15,3.30514e-19,True
3179,6197.167502646358,1.7094225114212414e-15,3.2480500000000006e-19,True
3180,6198.640512171885,1.6890084256486706e-15,3.3028199999999996e-19,True
3181,6200.113871818206,1.6781510510260275e-15,3.3901e-19,True
3182,6201.587581668506,1.6191837162133049e-15,3.70053e-19,True
3183,6203.061641806037,1.635549978749019e-15,4.19214e-19,True
3184,6204.536052314061,1.6483534936063003e-15,4.59806e-19,True
3185,6206.010813275844,1.600284495100165e-15,5.040669999999999e-19,True
3186,6207.48592477472,1.6478399142011833e-15,5.381919999999999e-19,True
3187,6208.961386893965,1.6582633494685983e-15,5.622020000000002e-19,True
3188,6210.43719971694,1.6335766252364402e-15,5.614540000000001e-19,True
3189,6211.913363327025,1.6955923494760445e-15,5.475840000000001e-19,True
3190,6213.389877807566,1.7150423986451558e-15,5.234360000000002e-19,True
3191,6214.866743241974,1.728950838738978e-15,4.852640000000001e-19,True
3192,6216.343959713667,1.66042156139062e-15,4.444090000000001e-19,True
3193,6217.821527306082,1.6720536701086198e-15,4.1435900000000007e-19,True
3194,6219.299446102668,1.6578536750457711e-15,3.9410700000000004e-19,True
3195,6220.777716186924,1.7171871465754386e-15,3.9050699999999996e-19,True
3196,6222.256337642326,1.6955095007853358e-15,3.92617e-19,True
3197,6223.735310552424,1.6422598385144316e-15,3.9129600000000007e-19,True
3198,6225.214635000723,1.6428772796418125e-15,3.7909100000000003e-19,True
3199,6226.694311070782,1.6135661985825737e-15,3.708050000000001e-19,True
3200,6228.174338846209,1.6391273474359456e-15,3.5579199999999997e-19,True
3201,6229.654718410558,1.6293385557277311e-15,3.472360000000001e-19,True
3202,6231.13544984749,1.6661843342097943e-15,3.4497800000000005e-19,True
3203,6232.616533240598,1.628460548910456e-15,3.406730000000001e-19,True
3204,6234.097968673571,1.5979285766350881e-15,3.42586e-19,True
3205,6235.579756230076,1.5841395913641265e-15,3.4389099999999997e-19,True
3206,6237.061895993807,1.6897997987883595e-15,3.39749e-19,True
3207,6238.544388048484,1.664834301700587e-15,3.39037e-19,True
3208,6240.027232477841,1.6382045810340093e-15,3.38284e-19,True
3209,6241.510429365623,1.6367587566388674e-15,3.4022599999999995e-19,True
3210,6242.99397879564,1.610785181027952e-15,3.3340700000000004e-19,True
3211,6244.477880851643,1.6243313751711235e-15,3.3374300000000005e-19,True
3212,6245.962135617483,1.7215226232142433e-15,3.35958e-19,True
3213,6247.446743176983,1.6852946776202005e-15,3.582769999999999e-19,True
3214,6248.931703613988,1.6674621066656038e-15,4.1670200000000005e-19,True
3215,6250.417017012396,1.667191764079291e-15,4.75424e-19,True
3216,6251.902683456093,1.7558442715403895e-15,5.193670000000001e-19,True
3217,6253.388703029003,1.7122333800066844e-15,5.4697299999999985e-19,True
3218,6254.875075815042,1.642489814745076e-15,5.410400000000001e-19,True
3219,6256.361801898163,1.7353275892903506e-15,5.20441e-19,True
3220,6257.848881362366,1.7646231469721309e-15,4.68011e-19,True
3221,6259.336314291623,1.7076306920972104e-15,4.2301699999999987e-19,True
3222,6260.824100769972,1.6899753404362124e-15,4.036999999999999e-19,True
3223,6262.312240881448,1.7209896750428594e-15,3.9866699999999993e-19,True
3224,6263.800734710084,1.7675260535442405e-15,4.0771299999999997e-19,True
3225,6265.289582339967,1.724328278055476e-15,4.1823499999999993e-19,True
3226,6266.778783855191,1.7530465923388538e-15,4.15941e-19,True
3227,6268.268339339863,1.76791372843433e-15,3.944750000000001e-19,True
3228,6269.758248878126,1.752936981977129e-15,3.7898799999999995e-19,True
3229,6271.24851255416,1.7072179295384185e-15,3.4798699999999994e-19,True
3230,6272.739130452093,1.7078355444654643e-15,3.4138699999999996e-19,True
3231,6274.230102656157,1.641725530008951e-15,3.2791600000000014e-19,True
3232,6275.721429250566,1.7047381422659044e-15,3.2933600000000015e-19,True
3233,6277.2131103195325,1.6699450586618144e-15,3.42951e-19,True
3234,6278.705145947323,1.662380465196923e-15,3.5124600000000013e-19,True
3235,6280.197536218202,1.6247266189058906e-15,3.5998300000000003e-19,True
3236,6281.690281216476,1.6738798473456122e-15,3.6624e-19,True
3237,6283.1833810264725,1.6952208264101879e-15,3.675190000000001e-19,True
3238,6284.6768357325245,1.7053943750022754e-15,3.60115e-19,True
3239,6286.170645418957,1.6809060255170031e-15,3.6673400000000005e-19,True
3240,6287.664810170178,1.6499791790649119e-15,3.756750000000001e-19,True
3241,6289.159330070581,1.7273420198933085e-15,3.8100600000000004e-19,True
3242,6290.6542052045625,1.7325354829356372e-15,3.8398699999999993e-19,True
3243,6292.149435656556,1.7259365445731292e-15,3.851369999999999e-19,True
3244,6293.645021511031,1.7331740172755188e-15,3.7681599999999993e-19,True
3245,6295.140962852472,1.7371362412706064e-15,3.6468800000000005e-19,True
3246,6296.637259765375,1.6916366301224807e-15,3.5002400000000005e-19,True
3247,6298.133912334224,1.730050947498745e-15,3.4084199999999996e-19,True
3248,6299.630920643589,1.7572263304581093e-15,3.3928100000000003e-19,True
3249,6301.128284778013,1.672767631164145e-15,3.5268200000000013e-19,True
3250,6302.626004822074,1.6673226445374224e-15,3.8130200000000003e-19,True
3251,6304.124080860368,1.7144243463134445e-15,4.3111800000000004e-19,True
3252,6305.6225129775,1.6380921688318368e-15,4.677310000000001e-19,True
3253,6307.121301258141,1.6904484566904952e-15,4.872379999999999e-19,True
3254,6308.6204457869135,1.6693777154185173e-15,4.9178699999999985e-19,True
3255,6310.119946648506,1.7511790184544378e-15,4.7913e-19,True
3256,6311.619803927615,1.7122216116214079e-15,4.38977e-19,True
3257,6313.120017708947,1.7637643869888884e-15,3.95277e-19,True
3258,6314.620588077261,1.758114294366373e-15,3.620810000000001e-19,True
3259,6316.121515117305,1.7341445659909523e-15,3.3822999999999995e-19,True
3260,6317.622798913853,1.734150147199513e-15,3.3078699999999995e-19,True
3261,6319.124439551696,1.722928703586051e-15,3.3217300000000004e-19,True
3262,6320.626437115671,1.7196812838183127e-15,3.4859299999999997e-19,True
3263,6322.128791690607,1.7070555797222336e-15,3.674e-19,True
3264,6323.631503361371,1.6568227030335576e-15,3.870750000000001e-19,True
3265,6325.134572212821,1.6555767966537192e-15,4.0262700000000004e-19,True
3266,6326.637998329855,1.703587497428322e-15,4.0968299999999994e-19,True
3267,6328.141781797413,1.6626851527920583e-15,4.0304399999999994e-19,True
3268,6329.645922700425,1.6585740621505558e-15,3.8569999999999995e-19,True
3269,6331.150421123849,1.6561180945476184e-15,3.6777600000000005e-19,True
3270,6332.655277152663,1.732136092833289e-15,3.472299999999998e-19,True
3271,6334.160490871868,1.750792632686211e-15,3.4235900000000004e-19,True
3272,6335.666062366473,1.699043716342812e-15,3.567180000000001e-19,True
3273,6337.171991721539,1.7590445752398246e-15,3.9447799999999996e-19,True
3274,6338.678279022115,1.7204629822416425e-15,4.460979999999999e-19,True
3275,6340.184924353282,1.7281735456087e-15,4.892960000000001e-19,True
3276,6341.691927800141,1.6684032338891589e-15,5.117130000000001e-19,True
3277,6343.199289447811,1.7085285713778734e-15,5.207830000000001e-19,True
3278,6344.707009381435,1.6952495728629428e-15,5.028670000000001e-19,True
3279,6346.2150876861615,1.6963356337894717e-15,4.61368e-19,True
3280,6347.723524447207,1.7105246954933516e-15,4.107350000000001e-19,True
3281,6349.232319749738,1.672282647718328e-15,3.7147700000000006e-19,True
3282,6350.74147367899,1.7226662515136867e-15,3.4419100000000008e-19,True
3283,6352.250986320192,1.737454701957248e-15,3.354250000000001e-19,True
3284,6353.760857758618,1.718305375008015e-15,3.31327e-19,True
3285,6355.271088079563,1.6925785972919656e-15,3.3306000000000006e-19,True
3286,6356.781677368318,1.6945240666933213e-15,3.29771e-19,True
3287,6358.292625710218,1.6819954813716985e-15,3.252479999999999e-19,True
3288,6359.803933190585,1.6618304570804003e-15,3.2974399999999996e-19,True
3289,6361.315599894791,1.5868479475632798e-15,3.4006200000000004e-19,True
3290,6362.827625908213,1.6349892377909083e-15,3.581309999999999e-19,True
3291,6364.340011316275,1.7035397367062493e-15,3.7647499999999986e-19,True
3292,6365.852756204393,1.6918101162332035e-15,3.9525099999999997e-19,True
3293,6367.365860658009,1.7016751691917212e-15,4.002399999999999e-19,True
3294,6368.879324762592,1.7072116985141904e-15,3.9975899999999997e-19,True
3295,6370.3931486036245,1.6921438905758207e-15,3.8841100000000016e-19,True
3296,6371.907332266603,1.7283408783883608e-15,3.680190000000001e-19,True
3297,6373.421875837086,1.6892108572209465e-15,3.56746e-19,True
3298,6374.936779400589,1.646261076874676e-15,3.5892100000000003e-19,True
3299,6376.452043042677,1.7152511644920574e-15,3.847849999999999e-19,True
3300,6377.96766684895,1.6812406399900808e-15,4.425030000000001e-19,True
3301,6379.4836509050265,1.6760987615213666e-15,4.956890000000001e-19,True
3302,6380.999995296522,1.652899116042004e-15,5.292080000000001e-19,True
3303,6382.516700109087,1.6720374035086026e-15,5.44547e-19,True
3304,6384.0337654283885,1.6447683764866216e-15,5.4341199999999995e-19,True
3305,6385.551191340116,1.6316277545977991e-15,5.168010000000001e-19,True
3306,6387.068977929992,1.602878075945832e-15,4.82078e-19,True
3307,6388.58712528371,1.6053832694735498e-15,4.5883800000000005e-19,True
3308,6390.105633487056,1.5640662736242006e-15,4.38593e-19,True
3309,6391.624502625788,1.5818096178404969e-15,4.3241600000000014e-19,True
3310,6393.143732785697,1.6013421394617887e-15,4.1479400000000014e-19,True
3311,6394.663324052584,1.5776801785619888e-15,3.97735e-19,True
3312,6396.183276512304,1.5868801477049193e-15,3.84719e-19,True
3313,6397.703590250707,1.6455668999872065e-15,3.7574599999999993e-19,True
3314,6399.224265353633,1.6303853526171304e-15,3.8858599999999995e-19,True
3315,6400.74530190701,1.7068967015161084e-15,4.073519999999999e-19,True
3316,6402.266699996739,1.7062612122938182e-15,4.2869199999999994e-19,True
3317,6403.788459708741,1.6516589751404972e-15,4.343110000000001e-19,True
3318,6405.310581128996,1.7218825626263544e-15,4.2776699999999993e-19,True
3319,6406.833064343466,1.7016897590537498e-15,4.1174200000000005e-19,True
3320,6408.355909438145,1.6700086470928491e-15,3.921009999999999e-19,True
3321,6409.879116499062,1.708400286071002e-15,3.7777699999999994e-19,True
3322,6411.402685612216,1.7058418908196888e-15,3.7727499999999984e-19,True
3323,6412.926616863701,1.7353491421012352e-15,3.8695699999999994e-19,True
3324,6414.45091033957,1.6251569526996833e-15,3.9981500000000008e-19,True
3325,6415.975566125953,1.6780632121541244e-15,4.072679999999999e-19,True
3326,6417.500584308937,1.6917828999689085e-15,4.0789500000000014e-19,True
3327,6419.025964974668,1.6687215174215172e-15,4.0334500000000013e-19,True
3328,6420.5517082093065,1.6881226701944558e-15,3.88587e-19,True
3329,6422.077814099032,1.6694467711766073e-15,3.76619e-19,True
3330,6423.6042827300325,1.70716214396335e-15,3.840869999999999e-19,True
3331,6425.131114188539,1.7044102138159697e-15,4.1085899999999995e-19,True
3332,6426.658308560805,1.6867663401949808e-15,4.341010000000002e-19,True
3333,6428.185865933092,1.6907151662850728e-15,4.493500000000001e-19,True
3334,6429.713786391658,1.784265055545567e-15,4.504330000000001e-19,True
3335,6431.242070022804,1.7249339019295973e-15,4.445530000000001e-19,True
3336,6432.770716912889,1.7304915632072737e-15,4.1240000000000006e-19,True
3337,6434.299727148211,1.7332971343467126e-15,3.8023299999999993e-19,True
3338,6435.829100815177,1.709309072868423e-15,3.54802e-19,True
3339,6437.358838000127,1.736208488009031e-15,3.40911e-19,True
3340,6438.888938789491,1.6915307285797786e-15,3.337920000000001e-19,True
3341,6440.419403269713,1.6647665008198173e-15,3.2635500000000006e-19,True
3342,6441.950231527208,1.6392250931062833e-15,3.23141e-19,True
3343,6443.481423648453,1.6283261349354902e-15,3.2006500000000003e-19,True
3344,6445.012979719933,1.6239863449378907e-15,3.2244899999999997e-19,True
3345,6446.544899828159,1.6623956124483025e-15,3.2401000000000005e-19,True
3346,6448.077184059645,1.6920355597070768e-15,3.2465200000000003e-19,True
3347,6449.609832500953,1.665200436501753e-15,3.258410000000001e-19,True
3348,6451.142845238674,1.661240395478222e-15,3.3220200000000004e-19,True
3349,6452.676222359365,1.6791948468650302e-15,3.5321900000000014e-19,True
3350,6454.209963949636,1.7220083821832884e-15,4.005120000000001e-19,True
3351,6455.744070096139,1.6679156265014134e-15,4.65059e-19,True
3352,6457.278540885528,1.651020526601277e-15,5.088099999999999e-19,True
3353,6458.81337640444,1.5849005925414376e-15,5.35409e-19,True
3354,6460.348576739613,1.63953360867217e-15,5.405400000000001e-19,True
3355,6461.884141977716,1.6700008801546908e-15,5.20127e-19,True
3356,6463.420072205505,1.6680195578001246e-15,4.8856e-19,True
3357,6464.956367509758,1.7075512383110376e-15,4.64376e-19,True
3358,6466.493027977204,1.668326389728932e-15,4.470750000000002e-19,True
3359,6468.030053694675,1.623587120773256e-15,4.413840000000001e-19,True
3360,6469.5674447489855,1.6404395495297923e-15,4.378950000000001e-19,True
3361,6471.10520122695,1.6148957106195665e-15,4.226449999999998e-19,True
3362,6472.643323215428,1.6121953183092698e-15,4.0010299999999997e-19,True
3363,6474.181810801319,1.6426563366891192e-15,3.690450000000001e-19,True
3364,6475.720664071499,1.642492471204084e-15,3.5004299999999997e-19,True
3365,6477.259883112913,1.701009062625752e-15,3.66663e-19,True
3366,6478.799468012488,1.6200779775870992e-15,3.807510000000001e-19,True
3367,6480.339418857197,1.6415266280232288e-15,3.954780000000001e-19,True
3368,6481.879735733988,1.594439623210931e-15,4.029559999999999e-19,True
3369,6483.420418729909,1.5920822127548567e-15,3.98404e-19,True
3370,6484.9614679319375,1.645471740034338e-15,3.8620100000000015e-19,True
3371,6486.502883427151,1.649836127529528e-15,3.63817e-19,True
3372,6488.044665302603,1.6583890822805496e-15,3.3871400000000003e-19,True
3373,6489.586813645378,1.6274216247488522e-15,3.232389999999999e-19,True
3374,6491.129328542572,1.6793636061031365e-15,3.14091e-19,True
3375,6492.672210081333,1.7072133947528913e-15,3.1183099999999994e-19,True
3376,6494.215458348798,1.678959427369119e-15,3.12055e-19,True
3377,6495.759073432146,1.6483443988734016e-15,3.1339400000000004e-19,True
3378,6497.303055418531,1.6366425213512196e-15,3.1700999999999996e-19,True
3379,6498.847404395197,1.7121578561901566e-15,3.1899599999999993e-19,True
3380,6500.392120449352,1.6854696944525842e-15,3.3543700000000005e-19,True
3381,6501.93720366828,1.746156277835707e-15,3.4918700000000003e-19,True
3382,6503.482654139219,1.7081955634906922e-15,3.62229e-19,True
3383,6505.028471949474,1.7397828348495578e-15,3.6785699999999994e-19,True
3384,6506.5746571863565,1.7516117543328723e-15,3.6291100000000003e-19,True
3385,6508.12120993719,1.726789595404256e-15,3.57271e-19,True
3386,6509.668130289362,1.689431129839715e-15,3.37194e-19,True
3387,6511.215418330204,1.6690754627817524e-15,3.237670000000001e-19,True
3388,6512.763074147146,1.662525572193994e-15,3.0986100000000005e-19,True
3389,6514.311097827581,1.6374470105329151e-15,3.0778699999999995e-19,True
3390,6515.8594894589705,1.6217324900773273e-15,3.0480399999999993e-19,True
3391,6517.408249128763,1.6993930337647018e-15,3.07445e-19,True
3392,6518.957376924435,1.720758978666083e-15,3.3308100000000006e-19,True
3393,6520.506872933501,1.750426097718851e-15,3.7873199999999994e-19,True
3394,6522.056737243444,1.6927719598090402e-15,4.2484500000000013e-19,True
3395,6523.606969941832,1.6888032792525604e-15,4.58521e-19,True
3396,6525.157571116239,1.7461428300860064e-15,4.75932e-19,True
3397,6526.708540854245,1.7395177302117523e-15,4.763709999999999e-19,True
3398,6528.259879243435,1.773443746007231e-15,4.52131e-19,True
3399,6529.811586371442,1.7606661635295997e-15,4.1326700000000008e-19,True
3400,6531.363662325914,1.7313473543512697e-15,3.7387100000000014e-19,True
3401,6532.916107194518,1.7624736232394275e-15,3.408620000000001e-19,True
3402,6534.468921064941,1.7551013832557161e-15,3.2380599999999997e-19,True
3403,6536.022104024879,1.7218828044208893e-15,3.2138900000000005e-19,True
3404,6537.575656162073,1.7463182761852255e-15,3.36772e-19,True
3405,6539.129577564285,1.7139449271776788e-15,3.498769999999999e-19,True
3406,6540.683868319274,1.7193203860204155e-15,3.7947899999999993e-19,True
3407,6542.238528514843,1.7461963323019444e-15,4.0047299999999985e-19,True
3408,6543.793558238771,1.7076300310992306e-15,4.001440000000003e-19,True
3409,6545.348957578925,1.6362079503702089e-15,4.008749999999999e-19,True
3410,6546.904726623149,1.6413079690894273e-15,3.8447100000000006e-19,True
3411,6548.460865459306,1.6280163330001578e-15,3.6255100000000004e-19,True
3412,6550.017374175326,1.6599789576603462e-15,3.424990000000001e-19,True
3413,6551.574252859081,1.6221178823843739e-15,3.24299e-19,True
3414,6553.131501598544,1.671187301479737e-15,3.1841400000000003e-19,True
3415,6554.68912048166,1.7040735760105251e-15,3.229400000000001e-19,True
3416,6556.247109596411,1.7095527501092174e-15,3.517660000000001e-19,True
3417,6557.805469030809,1.7319520319009545e-15,4.0200599999999997e-19,True
3418,6559.364198872851,1.728120275156946e-15,4.519980000000001e-19,True
3419,6560.923299210581,1.7919925212312313e-15,4.824600000000001e-19,True
3420,6562.482770132073,1.7364494880616922e-15,4.999630000000001e-19,True
3421,6564.042611725423,1.6974696260893692e-15,4.902140000000001e-19,True
3422,6565.602824078736,1.6783714367281612e-15,4.63454e-19,True
3423,6567.163407280117,1.673296756628025e-15,4.172350000000001e-19,True
3424,6568.724361417722,1.6588020374966098e-15,3.6613500000000003e-19,True
3425,6570.285686579721,1.6912404811560377e-15,3.37237e-19,True
3426,6571.847382854291,1.6872173417076384e-15,3.2874499999999997e-19,True
3427,6573.409450329665,1.7136618111564007e-15,3.20307e-19,True
3428,6574.971889094051,1.6995501526989288e-15,3.117500000000001e-19,True
3429,6576.534699235735,1.6757243881074004e-15,3.1583200000000006e-19,True
3430,6578.097880842945,1.7118077600815847e-15,3.12904e-19,True
3431,6579.66143400401,1.7295523678318028e-15,3.1087799999999997e-19,True
3432,6581.225358807231,1.6687409548642994e-15,3.1387599999999984e-19,True
3433,6582.789655340956,1.6824556488205399e-15,3.16421e-19,True
3434,6584.354323693521,1.7421463285962039e-15,3.36781e-19,True
3435,6585.919363953302,1.7130506703334552e-15,3.5333999999999995e-19,True
3436,6587.484776208722,1.7316644286885953e-15,3.70314e-19,True
3437,6589.0505605481885,1.7041586718322727e-15,3.7760100000000006e-19,True
3438,6590.616717060142,1.6991936680274364e-15,3.82697e-19,True
3439,6592.183245833035,1.69948416695788e-15,3.7321700000000005e-19,True
3440,6593.750146955384,1.7308390547754144e-15,3.622510000000001e-19,True
3441,6595.317420515646,1.6982095366722716e-15,3.469499999999999e-19,True
3442,6596.885066602381,1.6850887249281915e-15,3.4203100000000007e-19,True
3443,6598.453085304124,1.7304314733752202e-15,3.5113199999999993e-19,True
3444,6600.021476709431,1.7472649099198452e-15,3.877469999999999e-19,True
3445,6601.590240906913,1.7198564364094548e-15,4.269200000000001e-19,True
3446,6603.15937798518,1.7323578301927708e-15,4.502180000000001e-19,True
3447,6604.728888032837,1.709572439973017e-15,4.679939999999999e-19,True
3448,6606.298771138549,1.7494069874938764e-15,4.692219999999999e-19,True
3449,6607.869027390988,1.7630130877788653e-15,4.44876e-19,True
3450,6609.439656878846,1.7233255814579092e-15,4.0981499999999993e-19,True
3451,6611.010659690828,1.7691697353930718e-15,3.768749999999999e-19,True
3452,6612.5820359156805,1.7434579757174677e-15,3.48701e-19,True
3453,6614.153785642173,1.7577899749443265e-15,3.3076199999999997e-19,True
3454,6615.725908959081,1.7226744861204669e-15,3.16954e-19,True
3455,6617.298405955171,1.7160234334237234e-15,3.149770000000001e-19,True
3456,6618.871276719308,1.710003795128996e-15,3.171289999999999e-19,True
3457,6620.444521340299,1.7049289811373054e-15,3.1407600000000004e-19,True
3458,6622.018139907006,1.6978653197146315e-15,3.10676e-19,True
3459,6623.592132508336,1.7043301673681113e-15,3.14792e-19,True
3460,6625.166499233184,1.6984145349958162e-15,3.1454099999999996e-19,True
3461,6626.74124017046,1.6774579816516067e-15,3.1463399999999996e-19,True
3462,6628.316355409147,1.717879572110696e-15,3.1173599999999995e-19,True
3463,6629.891845038181,1.694234521518608e-15,3.140670000000001e-19,True
3464,6631.467709146559,1.701104509183462e-15,3.1736300000000005e-19,True
3465,6633.043947823293,1.6666039212190165e-15,3.20358e-19,True
3466,6634.620561157403,1.6952089324020306e-15,3.36436e-19,True
3467,6636.197549237953,1.674118791303674e-15,3.46883e-19,True
3468,6637.774912154028,1.717249563618709e-15,3.5227400000000007e-19,True
3469,6639.352649994712,1.7278824067247433e-15,3.5563300000000003e-19,True
3470,6640.930762849133,1.7077790398572806e-15,3.50657e-19,True
3471,6642.509250806404,1.7078275010831512e-15,3.456980000000001e-19,True
3472,6644.088113955695,1.6567693783521733e-15,3.31868e-19,True
3473,6645.667352386175,1.6672664760685413e-15,3.268600000000001e-19,True
3474,6647.246966187067,1.6628628639593625e-15,3.4097399999999994e-19,True
3475,6648.826955447572,1.6703033621586038e-15,3.6013799999999995e-19,True
3476,6650.407320256954,1.645213212847211e-15,3.8275399999999997e-19,True
3477,6651.988060704479,1.7152485980796706e-15,3.971140000000002e-19,True
3478,6653.5691768794095,1.6420223984516928e-15,3.969250000000002e-19,True
3479,6655.150668871063,1.6653054538930075e-15,3.865379999999998e-19,True
3480,6656.732536768768,1.697705756667217e-15,3.648050000000001e-19,True
3481,6658.314780661875,1.7165598351260592e-15,3.414780000000001e-19,True
3482,6659.897400639742,1.7172658344039489e-15,3.2451299999999995e-19,True
3483,6661.480396791772,1.6940352597727279e-15,3.1773999999999993e-19,True
3484,6663.063769207403,1.654142478846491e-15,3.135139999999999e-19,True
3485,6664.647517976034,1.6780918510331617e-15,3.1254299999999997e-19,True
3486,6666.231643187119,1.677613494402925e-15,3.16995e-19,True
3487,6667.81614493016,1.7029602235977336e-15,3.105170000000001e-19,True
3488,6669.401023294654,1.6498299007776731e-15,3.17362e-19,True
3489,6670.986278370098,1.6544548231687689e-15,3.1811500000000006e-19,True
3490,6672.5719102460325,1.6717658736187037e-15,3.2138800000000006e-19,True
3491,6674.157919012031,1.6710469360708786e-15,3.137439999999999e-19,True
3492,6675.744304757689,1.6938341386447419e-15,3.171990000000001e-19,True
3493,6677.331067572611,1.6739629474260044e-15,3.1679999999999992e-19,True
3494,6678.918207546399,1.7011457642137207e-15,3.2455200000000007e-19,True
3495,6680.505724768711,1.6875018034474026e-15,3.1981499999999997e-19,True
3496,6682.0936193292055,1.640055627715003e-15,3.17709e-19,True
3497,6683.681891317595,1.649587028902505e-15,3.2160300000000006e-19,True
3498,6685.270540823579,1.659435107433033e-15,3.1731500000000003e-19,True
3499,6686.859567936877,1.6187370544637378e-15,3.18903e-19,True
3500,6688.448972747281,1.6464278682093082e-15,3.1930400000000012e-19,True
3501,6690.038755344528,1.6460688152807421e-15,3.2331100000000007e-19,True
3502,6691.628915818428,1.6477338301196605e-15,3.287460000000001e-19,True
3503,6693.219454258786,1.66163773882056e-15,3.311130000000001e-19,True
3504,6694.8103707554765,1.6508430043422354e-15,3.31898e-19,True
3505,6696.401665398324,1.6510815840752772e-15,3.3043800000000007e-19,True
3506,6697.993338277212,1.6222779025493951e-15,3.27362e-19,True
3507,6699.585389482068,1.6837356340071119e-15,3.29021e-19,True
3508,6701.177819102802,1.7024704746846664e-15,3.33879e-19,True
3509,6702.770627229361,1.6780476608881893e-15,3.4214000000000006e-19,True
3510,6704.3638139517125,1.6559508776277894e-15,3.5116299999999997e-19,True
3511,6705.957379359847,1.6413829311193728e-15,3.5452099999999998e-19,True
3512,6707.551323543771,1.6615993746080329e-15,3.495880000000001e-19,True
3513,6709.145646593519,1.7359142804140605e-15,3.43911e-19,True
3514,6710.740348599131,1.6446687917283357e-15,3.400650000000001e-19,True
3515,6712.335429650704,1.6654809132886162e-15,3.27903e-19,True
3516,6713.930889838324,1.6591030841330025e-15,3.2270199999999987e-19,True
3517,6715.526729252108,1.6861091062459017e-15,3.16974e-19,True
3518,6717.12294798218,1.6180802819216934e-15,3.1720100000000008e-19,True
3519,6718.719546118726,1.684897980295398e-15,3.140019999999999e-19,True
3520,6720.316523751927,1.6828221322349566e-15,3.1244300000000007e-19,True
3521,6721.9138809719625,1.6230481432155376e-15,3.0874099999999996e-19,True
3522,6723.511617869056,1.6830086964182628e-15,3.1200799999999995e-19,True
3523,6725.109734533477,1.6649099034125591e-15,3.116570000000001e-19,True
3524,6726.7082310554815,1.6428116021727652e-15,3.085510000000001e-19,True
3525,6728.307107525357,1.573874838561645e-15,3.076270000000001e-19,True
3526,6729.906364033403,1.589621241940884e-15,3.1014999999999994e-19,True
3527,6731.506000669975,1.5598592152279796e-15,3.0913099999999994e-19,True
3528,6733.106017525424,1.5231947329208432e-15,3.1098e-19,True
3529,6734.706414690091,1.521554954539597e-15,3.10285e-19,True
3530,6736.307192254407,1.562594078502102e-15,3.1037700000000006e-19,True
3531,6737.908350308777,1.5899752843326236e-15,3.1440000000000004e-19,True
3532,6739.5098889436285,1.6043183265570837e-15,3.1264900000000003e-19,True
3533,6741.111808249446,1.6009008145524809e-15,3.1497099999999996e-19,True
3534,6742.714108316699,1.6189798394563304e-15,3.1497500000000003e-19,True
3535,6744.316789235904,1.6438520776647634e-15,3.1496200000000007e-19,True
3536,6745.919851097561,1.6555195824178932e-15,3.2036e-19,True
3537,6747.523293992229,1.6713770548801735e-15,3.2257200000000006e-19,True
3538,6749.127118010463,1.6122987359917222e-15,3.23032e-19,True
3539,6750.731323242879,1.6580888352776257e-15,3.2220200000000004e-19,True
3540,6752.335909780061,1.6297944720995062e-15,3.25493e-19,True
3541,6753.94087771268,1.6762395794862958e-15,3.2889200000000004e-19,True
3542,6755.546227131354,1.6603217357787668e-15,3.24632e-19,True
3543,6757.1519581267685,1.639033520280547e-15,3.2417999999999997e-19,True
3544,6758.758070789623,1.6423492927676172e-15,3.23931e-19,True
3545,6760.364565210635,1.6691111784608424e-15,3.222849999999999e-19,True
3546,6761.971441480535,1.6535158530964073e-15,3.2409600000000005e-19,True
3547,6763.578699690106,1.682827970016244e-15,3.2551399999999993e-19,True
3548,6765.18633993011,1.6513546522985147e-15,3.2569999999999993e-19,True
3549,6766.794362291387,1.6354064320713935e-15,3.34264e-19,True
3550,6768.402766864728,1.6309334050880272e-15,3.3006400000000003e-19,True
3551,6770.011553740992,1.635591103260671e-15,3.2320299999999997e-19,True
3552,6771.620723011039,1.6577927669025638e-15,3.1411299999999994e-19,True
3553,6773.230274765783,1.649897660940641e-15,3.13352e-19,True
3554,6774.840209096125,1.6394986838238095e-15,3.12079e-19,True
3555,6776.45052609299,1.6703260161260788e-15,3.0649100000000012e-19,True
3556,6778.061225847355,1.734853433839365e-15,3.1147700000000005e-19,True
3557,6779.672308450188,1.7753728153760608e-15,3.1144300000000003e-19,True
3558,6781.2837739925,1.8601423924182506e-15,3.06738e-19,True
3559,6782.895622565288,2.0115241422784327e-15,3.0851199999999995e-19,True
3560,6784.507854259595,2.2048282009140838e-15,3.142490000000001e-19,True
3561,6786.120469166522,2.2666020978476386e-15,3.1312100000000005e-19,True
3562,6787.733467377106,2.2127564455136e-15,3.11731e-19,True
3563,6789.346848982491,2.065632590714046e-15,3.11956e-19,True
3564,6790.960614073795,1.913968465388786e-15,3.12685e-19,True
3565,6792.574762742169,1.889840749137614e-15,3.0612300000000004e-19,True
3566,6794.189295078785,2.1217792588962074e-15,3.073679999999999e-19,True
3567,6795.804211174826,3.0020136130108598e-15,3.10077e-19,True
3568,6797.419511121533,4.811609476538978e-15,3.0804900000000007e-19,True
3569,6799.035195010129,6.469872859006223e-15,3.0656e-19,True
3570,6800.651262931877,6.96459433860135e-15,3.0564199999999994e-19,True
3571,6802.267714978056,6.277516098914863e-15,3.0383599999999997e-19,True
3572,6803.884551239956,5.345749370143698e-15,3.0374200000000003e-19,True
3573,6805.501771808927,4.4694681996373535e-15,3.093740000000001e-19,True
3574,6807.119376776303,3.582720584418171e-15,3.0960799999999997e-19,True
3575,6808.737366233464,2.823677355449335e-15,3.0525699999999998e-19,True
3576,6810.355740271763,2.116458258799355e-15,3.10112e-19,True
3577,6811.974498982649,1.792197707238191e-15,3.0684500000000006e-19,True
3578,6813.593642457541,1.649356716256256e-15,3.0645100000000015e-19,True
3579,6815.213170787896,1.7840713682041948e-15,3.0059499999999995e-19,True
3580,6816.833084065189,2.0535111772407183e-15,3.06841e-19,True
3581,6818.453382380918,2.7645223266203903e-15,3.0532600000000004e-19,True
3582,6820.074065826605,3.716103844436197e-15,3.073549999999999e-19,True
3583,6821.695134493791,4.079139291388517e-15,3.0848200000000006e-19,True
3584,6823.316588474038,3.9079127175741576e-15,3.1035399999999992e-19,True
3585,6824.938427858933,3.4532265023667134e-15,3.1142700000000005e-19,True
3586,6826.560652740071,2.9231604168810166e-15,3.0775400000000003e-19,True
3587,6828.1832632091055,2.4062051911020464e-15,3.0764200000000006e-19,True
3588,6829.8062593576615,2.124181855489177e-15,3.0793e-19,True
3589,6831.429641277449,1.9199652287426855e-15,3.1095700000000007e-19,True
3590,6833.053409060114,1.7450509082903616e-15,3.0846500000000003e-19,True
3591,6834.677562797408,1.6805058228835828e-15,3.0527500000000005e-19,True
3592,6836.3021025810685,1.6274450326779664e-15,3.002049999999999e-19,True
3593,6837.927028502832,1.5740236471178371e-15,3.0278600000000013e-19,True
3594,6839.552340654479,1.6030033054435376e-15,2.9717400000000007e-19,True
3595,6841.178039127825,1.6433802811019352e-15,3.03049e-19,True
3596,6842.8041240147095,1.6474794748581752e-15,3.0260300000000006e-19,True
3597,6844.430595406976,1.6511703825753403e-15,3.0709099999999995e-19,True
3598,6846.057453396472,1.6383801993602194e-15,3.036869999999999e-19,True
3599,6847.684698075085,1.64658670425629e-15,3.0774100000000007e-19,True
3600,6849.312329534767,1.6071036686660174e-15,3.0566200000000005e-19,True
3601,6850.940347867401,1.618118209629097e-15,3.087270000000001e-19,True
3602,6852.568753164982,1.6154313650755956e-15,3.06815e-19,True
3603,6854.197545519474,1.6068965220739693e-15,3.0603900000000003e-19,True
3604,6855.826725022878,1.6411558566926746e-15,3.05564e-19,True
3605,6857.456291767216,1.6670275106835614e-15,3.0528400000000013e-19,True
3606,6859.086245844529,1.658256400644468e-15,3.02462e-19,True
3607,6860.716587346886,1.6737722154293162e-15,3.0224999999999997e-19,True
3608,6862.347316366371,1.6510629024090882e-15,3.038840000000001e-19,True
3609,6863.978432995096,1.6826237421208066e-15,3.022e-19,True
3610,6865.609937325179,1.6681853639466078e-15,3.05238e-19,True
3611,6867.241829448797,1.747863325184188e-15,3.0291999999999995e-19,True
3612,6868.874109458114,1.7484613169810632e-15,2.9968999999999995e-19,True
3613,6870.506777445312,1.7340922670109614e-15,2.9881400000000005e-19,True
3614,6872.139833502649,1.7667489713827516e-15,2.907769999999999e-19,True
3615,6873.773277722316,1.7034334676754848e-15,2.9109800000000005e-19,True
3616,6875.407110196625,1.6991588752348232e-15,2.86234e-19,True
3617,6877.041331017822,1.7124273707876027e-15,2.85424e-19,True
3618,6878.675940278215,1.652025061013398e-15,2.86961e-19,True
3619,6880.310938070157,1.6428766878203586e-15,2.858879999999999e-19,True
3620,6881.946324485986,1.6436420346218805e-15,2.9239600000000006e-19,True
3621,6883.582099618074,1.6543252760757715e-15,2.9286099999999997e-19,True
3622,6885.218263558815,1.6473727230464663e-15,2.9965300000000006e-19,True
3623,6886.854816400613,1.6311880236194184e-15,2.9889799999999997e-19,True
3624,6888.491758235931,1.6633138738025152e-15,3.01678e-19,True
3625,6890.129089157218,1.658996772461111e-15,3.022669999999999e-19,True
3626,6891.766809256942,1.688682320707238e-15,3.0188999999999993e-19,True
3627,6893.4049186276325,1.7206784614678278e-15,3.0516900000000004e-19,True
3628,6895.043417361803,1.7375505936536579e-15,3.05331e-19,True
3629,6896.682305552003,1.6857947203501293e-15,3.09395e-19,True
3630,6898.321583290801,1.682764245355796e-15,3.0951699999999995e-19,True
3631,6899.961250670802,1.7182497269901485e-15,3.0980000000000003e-19,True
3632,6901.601307784583,1.6875306304311615e-15,3.0821799999999995e-19,True
3633,6903.241754724817,1.6718264727957322e-15,3.1156200000000015e-19,True
3634,6904.88259158415,1.6447063762774174e-15,3.111750000000001e-19,True
3635,6906.523818455262,1.6492245766147318e-15,3.0946700000000005e-19,True
3636,6908.165435430844,1.6289157937797097e-15,3.08328e-19,True
3637,6909.807442603643,1.6802416286722845e-15,3.089109999999999e-19,True
3638,6911.449840066394,1.69100677197522e-15,3.0858200000000006e-19,True
3639,6913.092627911878,1.649587418055761e-15,3.075820000000001e-19,True
3640,6914.73580623286,1.694515983034259e-15,3.0280900000000003e-19,True
3641,6916.379375122153,1.6802866994709606e-15,3.0110200000000006e-19,True
3642,6918.023334672615,1.7294753562526089e-15,3.06725e-19,True
3643,6919.667684977092,1.686105715178896e-15,3.04989e-19,True
3644,6921.312426128461,1.6850208625320512e-15,3.07927e-19,True
3645,6922.957558219611,1.6601742583896078e-15,3.05487e-19,True
3646,6924.603081343503,1.6581330161596822e-15,3.05188e-19,True
3647,6926.248995593031,1.663909097387654e-15,3.08196e-19,True
3648,6927.895301061199,1.6735190661627579e-15,3.1089199999999997e-19,True
3649,6929.541997840983,1.7081676401457315e-15,3.128599999999999e-19,True
3650,6931.189086025396,1.6948908717713685e-15,3.0774999999999996e-19,True
3651,6932.836565707458,1.6816461293386436e-15,3.0664400000000016e-19,True
3652,6934.4844369802495,1.6771649871985695e-15,3.0622500000000003e-19,True
3653,6936.132699936848,1.6800460135339476e-15,3.076920000000001e-19,True
3654,6937.781354670316,1.6579966672039375e-15,3.2160099999999993e-19,True
3655,6939.430401273811,1.687998186600714e-15,3.3753300000000005e-19,True
3656,6941.079839840479,1.6949887034090293e-15,3.710689999999999e-19,True
3657,6942.729670463446,1.6620762928966486e-15,4.0371300000000003e-19,True
3658,6944.379893235929,1.6510719309571536e-15,4.3331100000000006e-19,True
3659,6946.030508251148,1.6548300861546075e-15,4.6214e-19,True
3660,6947.681515602335,1.6616258131043717e-15,4.680380000000001e-19,True
3661,6949.332915382709,1.6649696440079449e-15,4.64464e-19,True
3662,6950.984707685584,1.6774883752399796e-15,4.59022e-19,True
3663,6952.636892604246,1.7052063132801338e-15,4.630399999999999e-19,True
3664,6954.289470232015,1.7951485511432553e-15,4.811320000000001e-19,True
3665,6955.942440662249,1.9815999228067625e-15,4.895750000000001e-19,True
3666,6957.595803988275,2.1490148884999046e-15,4.939920000000002e-19,True
3667,6959.249560303506,2.2696707599460844e-15,4.799950000000002e-19,True
3668,6960.903709701375,2.270503391484845e-15,4.4987e-19,True
3669,6962.55825227528,2.19816297533937e-15,4.2195000000000004e-19,True
3670,6964.213188118685,2.0853082945974232e-15,4.001909999999999e-19,True
3671,6965.868517325056,2.02106304422898e-15,4.1555600000000003e-19,True
3672,6967.524239987928,1.9760123149894394e-15,4.54493e-19,True
3673,6969.180356200773,1.9310812827424556e-15,4.949209999999999e-19,True
3674,6970.836866057157,1.96596091101637e-15,5.181999999999999e-19,True
3675,6972.493769650672,2.0768073041796927e-15,5.11728e-19,True
3676,6974.151067074857,2.183194930650864e-15,4.90893e-19,True
3677,6975.80875842337,2.214229362580772e-15,4.49716e-19,True
3678,6977.466843789806,2.1170488801522188e-15,4.0351999999999997e-19,True
3679,6979.12532326782,2.0244271412770926e-15,3.56152e-19,True
3680,6980.7841969511255,1.884986909868248e-15,3.3514900000000006e-19,True
3681,6982.443464933384,1.83936676736876e-15,3.3735700000000003e-19,True
3682,6984.103127308318,1.7857384103480123e-15,3.549970000000002e-19,True
3683,6985.763184169682,1.6528301545935564e-15,3.672160000000001e-19,True
3684,6987.423635611267,1.6191247308205697e-15,3.7968799999999993e-19,True
3685,6989.084481726824,1.6576729120688315e-15,3.826010000000001e-19,True
3686,6990.745722610176,1.6498354089369585e-15,3.6864e-19,True
3687,6992.407358355143,1.6105126801281638e-15,3.5156199999999994e-19,True
3688,6994.069389055617,1.5965358491516208e-15,3.358369999999999e-19,True
3689,6995.7318148054255,1.6103539471433995e-15,3.2141500000000002e-19,True
3690,6997.394635698493,1.6122246058856304e-15,3.19895e-19,True
3691,6999.057851828768,1.604807150128486e-15,3.1444600000000016e-19,True
3692,7000.721463290155,1.5820757263488013e-15,3.118329999999999e-19,True
3693,7002.385470176621,1.615663955483547e-15,3.1257500000000005e-19,True
3694,7004.0498725821935,1.6112106838540069e-15,3.05021e-19,True
3695,7005.7146706008325,1.6064100842833646e-15,3.04103e-19,True
3696,7007.37986432661,1.6373776751795838e-15,3.0706200000000015e-19,True
3697,7009.045453853581,1.6259217821490017e-15,3.077670000000001e-19,True
3698,7010.7114392757885,1.6188907136501078e-15,3.0927500000000004e-19,True
3699,7012.377820687355,1.6408055620948601e-15,3.03252e-19,True
3700,7014.044598182418,1.5764136759297424e-15,3.0539199999999994e-19,True
3701,7015.71177185511,1.5678826274046773e-15,3.0421300000000004e-19,True
3702,7017.379341799599,1.5708978945589101e-15,3.061530000000001e-19,True
3703,7019.047308110086,1.5635911378281569e-15,3.05207e-19,True
3704,7020.715670880761,1.5441707010476395e-15,3.0960499999999994e-19,True
3705,7022.384430205857,1.5731863573999147e-15,3.1071700000000004e-19,True
3706,7024.053586179645,1.5590440029607132e-15,3.15357e-19,True
3707,7025.723138896417,1.5172779254426871e-15,3.176020000000001e-19,True
3708,7027.393088450463,1.5576151509230431e-15,3.45737e-19,True
3709,7029.063434936106,1.5469953737022299e-15,4.194560000000001e-19,True
3710,7030.734178447708,1.503332141388347e-15,5.208720000000001e-19,True
3711,7032.405319079599,1.5042141650969041e-15,6.078829999999999e-19,True
3712,7034.076856926207,1.4670855493944447e-15,6.531010000000001e-19,True
3713,7035.748792081938,1.478436052532464e-15,6.667579999999999e-19,True
3714,7037.421124641224,1.4544795577466545e-15,6.40055e-19,True
3715,7039.093854698528,1.4455122776551883e-15,5.809509999999999e-19,True
3716,7040.766982348329,1.4508692546028091e-15,5.13896e-19,True
3717,7042.4405076851335,1.3992512301633545e-15,4.652869999999998e-19,True
3718,7044.114430803465,1.420563345427703e-15,4.553689999999998e-19,True
3719,7045.788751797875,1.4058701415369697e-15,4.637109999999999e-19,True
3720,7047.463470762922,1.4086785030956252e-15,4.63979e-19,True
3721,7049.138587793223,1.3807199818551392e-15,4.49655e-19,True
3722,7050.814102983372,1.3559773912637886e-15,4.1725100000000003e-19,True
